Date,Rank,Keyword,Popularity Score
2026-07-02,1,เรียนภาษาญี่ปุ่น ออนไลน์,12
2026-07-02,2,เรียนภาษาญี่ปุ่น กรุงเทพ,10
2026-07-02,3,เรียน ภาษา ญี่ปุ่น กับ ai,10
2026-07-02,4,เรียน ภาษา ญี่ปุ่น a level,10
2026-07-02,5,เรียนภาษาญี่ปุ่นด้วยตัวเอง,9
2026-07-02,6,เรียนภาษาญี่ปุ่น กับกรมแรงงาน,9
2026-07-02,7,เรียน ภาษา ญี่ปุ่น ai,9
2026-07-02,8,เรียนภาษาญี่ปุ่นพื้นฐาน,8
2026-07-02,9,เรียน ภาษา ญี่ปุ่น กับ พี่ ริ ว,8
2026-07-02,10,เรียน ภาษา ญี่ปุ่น app,8
2026-07-02,11,เรียนภาษาญี่ปุ่นเบื้องต้น ฟรี,7
2026-07-02,12,เรียน ภาษา ญี่ปุ่น กับ พี่ ริ ว pantip,7
2026-07-02,13,เรียนภาษาญี่ปุ่น ที่ไหนดี,6
2026-07-02,14,เรียน ภาษา ญี่ปุ่น ก ทม,6
2026-07-02,15,คอร์ส เรียน ภาษา ญี่ปุ่น a level,6
2026-07-02,16,เรียนภาษาญี่ปุ่น ใกล้ฉัน,5
2026-07-02,17,เรียน ภาษา ญี่ปุ่น กับ พี่ ริ ว รีวิว,5
2026-07-02,18,app เรียน ภาษา ญี่ปุ่น ฟรี,5
2026-07-02,19,เรียนภาษาญี่ปุ่นฟรี,4
2026-07-02,20,เรียน ภาษา ญี่ปุ่น กี่ ปี,4
2026-07-02,21,atp เรียน ภาษา ญี่ปุ่น,4
2026-07-02,22,เรียนภาษาญี่ปุ่น ที่ญี่ปุ่น,3
2026-07-02,23,แนะนํา app เรียน ภาษา ญี่ปุ่น,3
2026-07-02,24,เรียนภาษาญี่ปุ่น เชียงใหม่,2
2026-07-02,25,เรียน ภาษา ญี่ปุ่น กัน เถอะ,2
2026-07-02,26,เรียนภาษาญี่ปุ่น จุฬา,1
2026-07-02,27,เรียนภาษาญี่ปุ่นออนไลน์ ฟรี,1
2026-07-02,28,เรียนภาษาญี่ปุ่น ตัวต่อตัว,1
2026-07-02,29,เรียนภาษาญี่ปุ่นกับพี่ริว,1
2026-07-02,30,เรียนภาษาญี่ปุ่น สสท,1
2026-07-02,31,เรียนภาษาญี่ปุ่น ศรีราชา,1
2026-07-02,32,เรียน ภาษา ญี่ปุ่น กี่ บาท,1
2026-07-02,33,เรียน ภาษา ญี่ปุ่น กับ ใคร ดี,1
2026-07-02,34,เรียน ภาษา ญี่ปุ่น กับ ส ส ท,1
2026-07-02,35,เรียน ภาษา ญี่ปุ่น กาญจนบุรี,1
2026-07-02,36,เรียน ภาษา ญี่ปุ่น กับ nhk,1
2026-07-02,37,เรียน ภาษา ญี่ปุ่น กี่ เดือน,1
2026-07-02,38,เรียน ภาษา ญี่ปุ่น แอ ป,1
2026-07-02,39,เรียน ภาษา ญี่ปุ่น แอ พ,1
2026-07-02,40,เรียนภาษาญี่ปุ่นเอง,1
2026-07-02,1,ข้อสอบภาษาญี่ปุ่น n4,291
2026-07-02,2,คําศัพท์ภาษาญี่ปุ่น nc,286
2026-07-02,3,สนทนาภาษาญี่ปุ่นพื้นฐาน,283
2026-07-02,4,สนทนาภาษาญี่ปุ่น เบื้องต้น,265
2026-07-02,5,ไวยากรณ์ภาษาญี่ปุ่น n1,250
2026-07-02,6,ข้อสอบภาษาญี่ปุ่น n5,246
2026-07-02,7,ข้อสอบ ภาษา ญี่ปุ่น คือ,241
2026-07-02,8,ข้อสอบ ภาษา ญี่ปุ่น pdf,200
2026-07-02,9,ไวยากรณ์ ภาษา ญี่ปุ่น pantip,196
2026-07-02,10,คําศัพท์ภาษาญี่ปุ่น n5,189
2026-07-02,11,คําศัพท์ภาษาญี่ปุ่นง่ายๆ,187
2026-07-02,12,ภาษา ญี่ปุ่น เบื้องต้น สนทนา,187
2026-07-02,13,คําศัพท์ภาษาญี่ปุ่นเบื้องต้น,170
2026-07-02,14,เรียน ภาษา ญี่ปุ่น ด้วย ตัว เอง รีวิว,170
2026-07-02,15,ภาษาญี่ปุ่น เบื้องต้น,166
2026-07-02,16,สนทนาภาษาญี่ปุ่น n4,166
2026-07-02,17,คอร์ส ภาษา ญี่ปุ่น ราคา,163
2026-07-02,18,ภาษา ญี่ปุ่น เบื้องต้น pdf,157
2026-07-02,19,คอร์ส ภาษา ญี่ปุ่น พื้นฐาน,152
2026-07-02,20,คําศัพท์ภาษาญี่ปุ่น n1,151
2026-07-02,21,ไวยากรณ์ภาษาญี่ปุ่น n4,142
2026-07-02,22,ไวยากรณ์ ภาษา ญี่ปุ่น คือ,138
2026-07-02,23,ไวยากรณ์ ภาษา ญี่ปุ่น พื้นฐาน,135
2026-07-02,24,คอร์ส ภาษา ญี่ปุ่น ฟรี,130
2026-07-02,25,คอร์ส ภาษา ญี่ปุ่น ออนไลน์,130
2026-07-02,26,ไวยากรณ์ ภาษา ญี่ปุ่น เรียก ว่า,122
2026-07-02,27,ไวยากรณ์ ภาษา ญี่ปุ่น ทั้งหมด,122
2026-07-02,28,คําศัพท์ภาษาญี่ปุ่นพื้นฐาน,118
2026-07-02,29,ไวยากรณ์ ภาษา ญี่ปุ่น pdf,116
2026-07-02,30,สนทนา ภาษา ญี่ปุ่น,113
2026-07-02,31,เรียนภาษาญี่ปุ่นด้วยตัวเอง,104
2026-07-02,32,ข้อสอบ ภาษา ญี่ปุ่น พื้นฐาน,103
2026-07-02,33,ภาษา ญี่ปุ่น เบื้องต้น n5,96
2026-07-02,34,คอร์ส เรียน ภาษา ญี่ปุ่น พื้นฐาน,91
2026-07-02,35,ภาษาญี่ปุ่นเบื้องต้น พยัญชนะ,89
2026-07-02,36,สนทนาภาษาญี่ปุ่นเบื้องต้น,88
2026-07-02,37,สอนภาษาญี่ปุ่นง่ายๆ,87
2026-07-02,38,ข้อสอบภาษาญี่ปุ่น,85
2026-07-02,39,สอนภาษาญี่ปุ่นฟรี,84
2026-07-02,40,สอบ jlpt ผ่าน,84
2026-07-02,41,คําศัพท์ภาษาญี่ปุ่น n4,83
2026-07-02,42,สนทนา ภาษา ญี่ปุ่น พื้นฐาน,80
2026-07-02,43,เรียนภาษาญี่ปุ่นด้วยตัวเอง เริ่มจาก 0,78
2026-07-02,44,ไวยากรณ์ภาษาญี่ปุ่น n5,76
2026-07-02,45,ข้อสอบ ภาษา ญี่ปุ่น เบื้องต้น,76
2026-07-02,46,ภาษา ญี่ปุ่น เบื้องต้น ฟรี,76
2026-07-02,47,ไวยากรณ์ภาษาญี่ปุ่นเบื้องต้น,75
2026-07-02,48,คอร์ส ภาษา ญี่ปุ่น เบื้องต้น,75
2026-07-02,49,คําศัพท์ภาษาญี่ปุ่น n3,74
2026-07-02,50,ไวยากรณ์ภาษาญี่ปุ่น n2,73
2026-07-02,51,ข้อสอบ ภาษา ญี่ปุ่น ง่ายๆ,72
2026-07-02,52,เรียน ภาษา ญี่ปุ่น ด้วย ตัว เอง pantip,70
2026-07-02,53,สอนภาษาญี่ปุ่นพื้นฐาน,70
2026-07-02,54,คอร์ส เรียน ภาษา ญี่ปุ่น พูด,70
2026-07-02,55,คอร์ส เรียน ภาษา ญี่ปุ่น รีวิว,69
2026-07-02,56,สอบ jlpt pantip,69
2026-07-02,57,เรียน ภาษา ญี่ปุ่น ด้วย ตัว เอง ฟรี,67
2026-07-02,58,คอร์ส ออนไลน์ สนทนา ภาษา ญี่ปุ่น พูด ได้ ใช้ คล่อง,67
2026-07-02,59,ไวยากรณ์ ภาษา ญี่ปุ่น เบื้องต้น,64
2026-07-02,60,คอร์ส ภาษา ญี่ปุ่น ธุรกิจ,57
2026-07-02,61,สอบ jlpt n5,54
2026-07-02,62,ภาษาญี่ปุ่นเบื้องต้น บทที่ 1,53
2026-07-02,63,คอร์ส ภาษา ญี่ปุ่น มหิดล,51
2026-07-02,64,สอบ jlpt ไม่ ผ่าน,51
2026-07-02,65,เรียนภาษาญี่ปุ่น เด็ก,49
2026-07-02,66,คําศัพท์ภาษาญี่ปุ่น n2,49
2026-07-02,67,สอบ jlpt ออนไลน์,48
2026-07-02,68,ข้อสอบ ภาษา ญี่ปุ่น a level,47
2026-07-02,69,เรียน ภาษา ญี่ปุ่น by click japanese,46
2026-07-02,70,คอร์ส เรียน ภาษา ญี่ปุ่น ราคา,46
2026-07-02,71,ข้อสอบ ภาษา ญี่ปุ่น พร้อม เฉลย,46
2026-07-02,72,สอบ jlpt ยัง ไง,45
2026-07-02,73,สอบ jlpt n1,45
2026-07-02,74,เรียน ภาษา ญี่ปุ่น future skill,44
2026-07-02,75,คอร์ส เรียน ภาษา ญี่ปุ่น pantip,44
2026-07-02,76,ไวยากรณ์ ภาษา ญี่ปุ่น เบื้องต้น ฉบับ สมบูรณ์ pdf,43
2026-07-02,77,สอบ jlpt ครั้ง ที่ 1,43
2026-07-02,78,สอบ jlpt n2,43
2026-07-02,79,ภาษา ญี่ปุ่น เบื้องต้น สวัสดี,42
2026-07-02,80,คอร์ส เรียน ภาษา ญี่ปุ่น a level,41
2026-07-02,81,ไวยากรณ์ภาษาญี่ปุ่น n3,41
2026-07-02,82,คอร์ส ภาษา ญี่ปุ่น ออนไลน์ ฟรี,41
2026-07-02,83,ภาษา ญี่ปุ่น เบื้องต้น หนังสือ,41
2026-07-02,84,เรียน ภาษา ญี่ปุ่น ด้วย ตัว เอง n1,41
2026-07-02,85,สอบ jlpt ที่ไหน,41
2026-07-02,86,สนทนา ภาษา ญี่ปุ่น ใน ชีวิต ประ จํา วัน,40
2026-07-02,87,เรียนภาษาญี่ปุ่น ออนไลน์,39
2026-07-02,88,เรียน ภาษา ญี่ปุ่น by click japanese รีวิว,39
2026-07-02,89,เรียน ภาษา ญี่ปุ่น japan foundation,39
2026-07-02,90,สอบ jlpt ระดับ,39
2026-07-02,91,เรียน ภาษา ญี่ปุ่น i love japan,38
2026-07-02,92,สอนภาษาญี่ปุ่น สนทนา,38
2026-07-02,93,สอนภาษาญี่ปุ่น n4,38
2026-07-02,94,สอบ jlpt คือ,38
2026-07-02,95,สอบ jlpt ยาก ไหม,38
2026-07-02,96,ข้อสอบ ภาษา ญี่ปุ่น เขียน ยัง ไง,38
2026-07-02,97,ไวยากรณ์ ภาษา ญี่ปุ่น ชั้น ต้น,37
2026-07-02,98,สอบ jlpt ครั้ง แรก,37
2026-07-02,99,โรงเรียน สอน ภาษา ญี่ปุ่น ichiban japanese language center,36
2026-07-02,100,คอร์ส ภาษา ญี่ปุ่น n4,36
2026-07-02,1,ข้อสอบภาษาญี่ปุ่น n4,291
2026-07-02,2,คําศัพท์ภาษาญี่ปุ่น nc,286
2026-07-02,3,สนทนาภาษาญี่ปุ่นพื้นฐาน,285
2026-07-02,4,สนทนาภาษาญี่ปุ่น เบื้องต้น,267
2026-07-02,5,ไวยากรณ์ภาษาญี่ปุ่น n1,250
2026-07-02,6,ข้อสอบภาษาญี่ปุ่น n5,246
2026-07-02,7,ข้อสอบ ภาษา ญี่ปุ่น คือ,241
2026-07-02,8,ข้อสอบ ภาษา ญี่ปุ่น pdf,200
2026-07-02,9,ไวยากรณ์ ภาษา ญี่ปุ่น pantip,196
2026-07-02,10,คําศัพท์ภาษาญี่ปุ่น n5,189
2026-07-02,11,คําศัพท์ภาษาญี่ปุ่นง่ายๆ,187
2026-07-02,12,ภาษา ญี่ปุ่น เบื้องต้น สนทนา,186
2026-07-02,13,เรียน ภาษา ญี่ปุ่น ด้วย ตัว เอง รีวิว,178
2026-07-02,14,คําศัพท์ภาษาญี่ปุ่นเบื้องต้น,170
2026-07-02,15,สนทนาภาษาญี่ปุ่น n4,166
2026-07-02,16,ภาษาญี่ปุ่น เบื้องต้น,165
2026-07-02,17,คอร์ส ภาษา ญี่ปุ่น ราคา,163
2026-07-02,18,ภาษา ญี่ปุ่น เบื้องต้น pdf,157
2026-07-02,19,คอร์ส ภาษา ญี่ปุ่น พื้นฐาน,153
2026-07-02,20,คําศัพท์ภาษาญี่ปุ่น n1,151
2026-07-02,21,ไวยากรณ์ภาษาญี่ปุ่น n4,142
2026-07-02,22,ไวยากรณ์ ภาษา ญี่ปุ่น คือ,138
2026-07-02,23,ไวยากรณ์ ภาษา ญี่ปุ่น พื้นฐาน,135
2026-07-02,24,คอร์ส ภาษา ญี่ปุ่น ฟรี,130
2026-07-02,25,คอร์ส ภาษา ญี่ปุ่น ออนไลน์,130
2026-07-02,26,ไวยากรณ์ ภาษา ญี่ปุ่น เรียก ว่า,122
2026-07-02,27,ไวยากรณ์ ภาษา ญี่ปุ่น ทั้งหมด,122
2026-07-02,28,คําศัพท์ภาษาญี่ปุ่นพื้นฐาน,118
2026-07-02,29,ไวยากรณ์ ภาษา ญี่ปุ่น pdf,116
2026-07-02,30,สนทนา ภาษา ญี่ปุ่น,115
2026-07-02,31,เรียนภาษาญี่ปุ่นด้วยตัวเอง,104
2026-07-02,32,ข้อสอบ ภาษา ญี่ปุ่น พื้นฐาน,103
2026-07-02,33,ภาษา ญี่ปุ่น เบื้องต้น n5,96
2026-07-02,34,คอร์ส เรียน ภาษา ญี่ปุ่น พื้นฐาน,91
2026-07-02,35,ภาษาญี่ปุ่นเบื้องต้น พยัญชนะ,89
2026-07-02,36,สนทนาภาษาญี่ปุ่นเบื้องต้น,88
2026-07-02,37,สอนภาษาญี่ปุ่นง่ายๆ,87
2026-07-02,38,เรียนภาษาญี่ปุ่นด้วยตัวเอง เริ่มจาก 0,87
2026-07-02,39,ข้อสอบภาษาญี่ปุ่น,85
2026-07-02,40,สอนภาษาญี่ปุ่นฟรี,84
2026-07-02,41,คําศัพท์ภาษาญี่ปุ่น n4,83
2026-07-02,42,สอบ jlpt ผ่าน,81
2026-07-02,43,สนทนา ภาษา ญี่ปุ่น พื้นฐาน,80
2026-07-02,44,ภาษา ญี่ปุ่น เบื้องต้น ฟรี,77
2026-07-02,45,ไวยากรณ์ภาษาญี่ปุ่น n5,76
2026-07-02,46,ข้อสอบ ภาษา ญี่ปุ่น เบื้องต้น,76
2026-07-02,47,ไวยากรณ์ภาษาญี่ปุ่นเบื้องต้น,75
2026-07-02,48,คอร์ส ภาษา ญี่ปุ่น เบื้องต้น,75
2026-07-02,49,คําศัพท์ภาษาญี่ปุ่น n3,74
2026-07-02,50,ไวยากรณ์ภาษาญี่ปุ่น n2,73
2026-07-02,51,ข้อสอบ ภาษา ญี่ปุ่น ง่ายๆ,72
2026-07-02,52,เรียน ภาษา ญี่ปุ่น ด้วย ตัว เอง pantip,70
2026-07-02,53,สอนภาษาญี่ปุ่นพื้นฐาน,70
2026-07-02,54,คอร์ส เรียน ภาษา ญี่ปุ่น พูด,70
2026-07-02,55,คอร์ส เรียน ภาษา ญี่ปุ่น รีวิว,69
2026-07-02,56,เรียน ภาษา ญี่ปุ่น ด้วย ตัว เอง ฟรี,67
2026-07-02,57,คอร์ส ออนไลน์ สนทนา ภาษา ญี่ปุ่น พูด ได้ ใช้ คล่อง,66
2026-07-02,58,ไวยากรณ์ ภาษา ญี่ปุ่น เบื้องต้น,64
2026-07-02,59,สอบ jlpt pantip,63
2026-07-02,60,คอร์ส ภาษา ญี่ปุ่น ธุรกิจ,58
2026-07-02,61,สอบ jlpt n5,54
2026-07-02,62,ภาษาญี่ปุ่นเบื้องต้น บทที่ 1,53
2026-07-02,63,คอร์ส ภาษา ญี่ปุ่น มหิดล,51
2026-07-02,64,สอบ jlpt ไม่ ผ่าน,51
2026-07-02,65,เรียนภาษาญี่ปุ่น เด็ก,49
2026-07-02,66,คําศัพท์ภาษาญี่ปุ่น n2,49
2026-07-02,67,สอบ jlpt ออนไลน์,48
2026-07-02,68,ข้อสอบ ภาษา ญี่ปุ่น a level,47
2026-07-02,69,เรียน ภาษา ญี่ปุ่น by click japanese,46
2026-07-02,70,คอร์ส เรียน ภาษา ญี่ปุ่น ราคา,46
2026-07-02,71,ข้อสอบ ภาษา ญี่ปุ่น พร้อม เฉลย,46
2026-07-02,72,ไวยากรณ์ ภาษา ญี่ปุ่น เบื้องต้น ฉบับ สมบูรณ์ pdf,45
2026-07-02,73,สอบ jlpt ยัง ไง,45
2026-07-02,74,สอบ jlpt n1,45
2026-07-02,75,เรียน ภาษา ญี่ปุ่น future skill,44
2026-07-02,76,คอร์ส เรียน ภาษา ญี่ปุ่น pantip,44
2026-07-02,77,ภาษา ญี่ปุ่น เบื้องต้น หนังสือ,43
2026-07-02,78,สอบ jlpt ครั้ง ที่ 1,43
2026-07-02,79,ไวยากรณ์ภาษาญี่ปุ่น n3,41
2026-07-02,80,คอร์ส ภาษา ญี่ปุ่น ออนไลน์ ฟรี,41
2026-07-02,81,ภาษา ญี่ปุ่น เบื้องต้น สวัสดี,41
2026-07-02,82,เรียน ภาษา ญี่ปุ่น ด้วย ตัว เอง n1,41
2026-07-02,83,สอบ jlpt ที่ไหน,41
2026-07-02,84,คอร์ส เรียน ภาษา ญี่ปุ่น a level,40
2026-07-02,85,สนทนา ภาษา ญี่ปุ่น ใน ชีวิต ประ จํา วัน,40
2026-07-02,86,เรียนภาษาญี่ปุ่น ออนไลน์,39
2026-07-02,87,เรียน ภาษา ญี่ปุ่น by click japanese รีวิว,39
2026-07-02,88,เรียน ภาษา ญี่ปุ่น japan foundation,39
2026-07-02,89,สอบ jlpt n2,39
2026-07-02,90,สอบ jlpt ระดับ,39
2026-07-02,91,เรียน ภาษา ญี่ปุ่น i love japan,38
2026-07-02,92,สอนภาษาญี่ปุ่น สนทนา,38
2026-07-02,93,สอนภาษาญี่ปุ่น n4,38
2026-07-02,94,สอบ jlpt คือ,38
2026-07-02,95,สอบ jlpt ยาก ไหม,38
2026-07-02,96,ข้อสอบ ภาษา ญี่ปุ่น เขียน ยัง ไง,38
2026-07-02,97,ไวยากรณ์ ภาษา ญี่ปุ่น ชั้น ต้น,37
2026-07-02,98,สอบ jlpt ครั้ง แรก,37
2026-07-02,99,โรงเรียน สอน ภาษา ญี่ปุ่น ichiban japanese language center,36
2026-07-02,100,คอร์ส ภาษา ญี่ปุ่น n4,36
2026-07-03,1,ข้อสอบภาษาญี่ปุ่น n4,291
2026-07-03,2,คําศัพท์ภาษาญี่ปุ่น nc,286
2026-07-03,3,สนทนาภาษาญี่ปุ่นพื้นฐาน,285
2026-07-03,4,สนทนาภาษาญี่ปุ่น เบื้องต้น,267
2026-07-03,5,ไวยากรณ์ภาษาญี่ปุ่น n1,250
2026-07-03,6,ข้อสอบภาษาญี่ปุ่น n5,246
2026-07-03,7,ข้อสอบ ภาษา ญี่ปุ่น คือ,241
2026-07-03,8,ข้อสอบ ภาษา ญี่ปุ่น pdf,200
2026-07-03,9,ไวยากรณ์ ภาษา ญี่ปุ่น pantip,196
2026-07-03,10,คําศัพท์ภาษาญี่ปุ่น n5,189
2026-07-03,11,คําศัพท์ภาษาญี่ปุ่นง่ายๆ,187
2026-07-03,12,ภาษา ญี่ปุ่น เบื้องต้น สนทนา,186
2026-07-03,13,คําศัพท์ภาษาญี่ปุ่นเบื้องต้น,170
2026-07-03,14,เรียน ภาษา ญี่ปุ่น ด้วย ตัว เอง รีวิว,170
2026-07-03,15,สนทนาภาษาญี่ปุ่น n4,166
2026-07-03,16,ภาษาญี่ปุ่น เบื้องต้น,165
2026-07-03,17,คอร์ส ภาษา ญี่ปุ่น ราคา,165
2026-07-03,18,ภาษา ญี่ปุ่น เบื้องต้น pdf,157
2026-07-03,19,คอร์ส ภาษา ญี่ปุ่น พื้นฐาน,153
2026-07-03,20,คําศัพท์ภาษาญี่ปุ่น n1,151
2026-07-03,21,ไวยากรณ์ภาษาญี่ปุ่น n4,142
2026-07-03,22,ไวยากรณ์ ภาษา ญี่ปุ่น คือ,138
2026-07-03,23,ไวยากรณ์ ภาษา ญี่ปุ่น พื้นฐาน,135
2026-07-03,24,คอร์ส ภาษา ญี่ปุ่น ฟรี,130
2026-07-03,25,คอร์ส ภาษา ญี่ปุ่น ออนไลน์,130
2026-07-03,26,ไวยากรณ์ ภาษา ญี่ปุ่น เรียก ว่า,122
2026-07-03,27,ไวยากรณ์ ภาษา ญี่ปุ่น ทั้งหมด,122
2026-07-03,28,คําศัพท์ภาษาญี่ปุ่นพื้นฐาน,118
2026-07-03,29,ไวยากรณ์ ภาษา ญี่ปุ่น pdf,116
2026-07-03,30,สนทนา ภาษา ญี่ปุ่น,115
2026-07-03,31,เรียนภาษาญี่ปุ่นด้วยตัวเอง,106
2026-07-03,32,ข้อสอบ ภาษา ญี่ปุ่น พื้นฐาน,103
2026-07-03,33,ภาษา ญี่ปุ่น เบื้องต้น n5,96
2026-07-03,34,คอร์ส เรียน ภาษา ญี่ปุ่น พื้นฐาน,91
2026-07-03,35,ภาษาญี่ปุ่นเบื้องต้น พยัญชนะ,89
2026-07-03,36,สนทนาภาษาญี่ปุ่นเบื้องต้น,88
2026-07-03,37,สอนภาษาญี่ปุ่นง่ายๆ,87
2026-07-03,38,ข้อสอบภาษาญี่ปุ่น,85
2026-07-03,39,สอนภาษาญี่ปุ่นฟรี,84
2026-07-03,40,คําศัพท์ภาษาญี่ปุ่น n4,83
2026-07-03,41,สอบ jlpt ผ่าน,81
2026-07-03,42,สนทนา ภาษา ญี่ปุ่น พื้นฐาน,80
2026-07-03,43,เรียนภาษาญี่ปุ่นด้วยตัวเอง เริ่มจาก 0,78
2026-07-03,44,ไวยากรณ์ภาษาญี่ปุ่น n5,76
2026-07-03,45,ข้อสอบ ภาษา ญี่ปุ่น เบื้องต้น,76
2026-07-03,46,ภาษา ญี่ปุ่น เบื้องต้น ฟรี,76
2026-07-03,47,ไวยากรณ์ภาษาญี่ปุ่นเบื้องต้น,75
2026-07-03,48,คอร์ส ภาษา ญี่ปุ่น เบื้องต้น,75
2026-07-03,49,คําศัพท์ภาษาญี่ปุ่น n3,74
2026-07-03,50,ไวยากรณ์ภาษาญี่ปุ่น n2,73
2026-07-03,51,ข้อสอบ ภาษา ญี่ปุ่น ง่ายๆ,72
2026-07-03,52,เรียน ภาษา ญี่ปุ่น ด้วย ตัว เอง pantip,70
2026-07-03,53,สอนภาษาญี่ปุ่นพื้นฐาน,70
2026-07-03,54,คอร์ส เรียน ภาษา ญี่ปุ่น พูด,70
2026-07-03,55,คอร์ส เรียน ภาษา ญี่ปุ่น รีวิว,69
2026-07-03,56,คอร์ส ออนไลน์ สนทนา ภาษา ญี่ปุ่น พูด ได้ ใช้ คล่อง,68
2026-07-03,57,เรียน ภาษา ญี่ปุ่น ด้วย ตัว เอง ฟรี,67
2026-07-03,58,ไวยากรณ์ ภาษา ญี่ปุ่น เบื้องต้น,64
2026-07-03,59,สอบ jlpt pantip,63
2026-07-03,60,คอร์ส ภาษา ญี่ปุ่น ธุรกิจ,58
2026-07-03,61,ภาษาญี่ปุ่นเบื้องต้น บทที่ 1,53
2026-07-03,62,คอร์ส ภาษา ญี่ปุ่น มหิดล,51
2026-07-03,63,สอบ jlpt ไม่ ผ่าน,51
2026-07-03,64,เรียนภาษาญี่ปุ่น เด็ก,49
2026-07-03,65,คําศัพท์ภาษาญี่ปุ่น n2,49
2026-07-03,66,สอบ jlpt n5,48
2026-07-03,67,สอบ jlpt ออนไลน์,48
2026-07-03,68,ข้อสอบ ภาษา ญี่ปุ่น a level,47
2026-07-03,69,เรียน ภาษา ญี่ปุ่น by click japanese,46
2026-07-03,70,คอร์ส เรียน ภาษา ญี่ปุ่น ราคา,46
2026-07-03,71,ข้อสอบ ภาษา ญี่ปุ่น พร้อม เฉลย,46
2026-07-03,72,สอบ jlpt ยัง ไง,45
2026-07-03,73,สอบ jlpt n1,45
2026-07-03,74,เรียน ภาษา ญี่ปุ่น future skill,44
2026-07-03,75,คอร์ส เรียน ภาษา ญี่ปุ่น pantip,44
2026-07-03,76,ไวยากรณ์ ภาษา ญี่ปุ่น เบื้องต้น ฉบับ สมบูรณ์ pdf,43
2026-07-03,77,สอบ jlpt ครั้ง ที่ 1,42
2026-07-03,78,ไวยากรณ์ภาษาญี่ปุ่น n3,41
2026-07-03,79,คอร์ส ภาษา ญี่ปุ่น ออนไลน์ ฟรี,41
2026-07-03,80,ภาษา ญี่ปุ่น เบื้องต้น สวัสดี,41
2026-07-03,81,ภาษา ญี่ปุ่น เบื้องต้น หนังสือ,41
2026-07-03,82,เรียน ภาษา ญี่ปุ่น ด้วย ตัว เอง n1,41
2026-07-03,83,คอร์ส เรียน ภาษา ญี่ปุ่น a level,40
2026-07-03,84,สนทนา ภาษา ญี่ปุ่น ใน ชีวิต ประ จํา วัน,40
2026-07-03,85,สอบ jlpt คือ,40
2026-07-03,86,เรียนภาษาญี่ปุ่น ออนไลน์,39
2026-07-03,87,เรียน ภาษา ญี่ปุ่น by click japanese รีวิว,39
2026-07-03,88,เรียน ภาษา ญี่ปุ่น japan foundation,39
2026-07-03,89,สอบ jlpt n2,39
2026-07-03,90,สอบ jlpt ระดับ,39
2026-07-03,91,เรียน ภาษา ญี่ปุ่น i love japan,38
2026-07-03,92,สอนภาษาญี่ปุ่น สนทนา,38
2026-07-03,93,สอนภาษาญี่ปุ่น n4,38
2026-07-03,94,สอบ jlpt ยาก ไหม,38
2026-07-03,95,สอบ jlpt ที่ไหน,38
2026-07-03,96,ข้อสอบ ภาษา ญี่ปุ่น เขียน ยัง ไง,38
2026-07-03,97,ไวยากรณ์ ภาษา ญี่ปุ่น ชั้น ต้น,37
2026-07-03,98,สอบ jlpt n3,37
2026-07-03,99,สอบ jlpt ครั้ง แรก,37
2026-07-03,100,โรงเรียน สอน ภาษา ญี่ปุ่น ichiban japanese language center,36
2026-07-04,1,ข้อสอบภาษาญี่ปุ่น n4,292
2026-07-04,2,คําศัพท์ภาษาญี่ปุ่น nc,287
2026-07-04,3,สนทนาภาษาญี่ปุ่นพื้นฐาน,284
2026-07-04,4,สนทนาภาษาญี่ปุ่น เบื้องต้น,266
2026-07-04,5,ไวยากรณ์ภาษาญี่ปุ่น n1,251
2026-07-04,6,ข้อสอบ ภาษา ญี่ปุ่น คือ,248
2026-07-04,7,ข้อสอบภาษาญี่ปุ่น n5,246
2026-07-04,8,ข้อสอบ ภาษา ญี่ปุ่น pdf,206
2026-07-04,9,ไวยากรณ์ ภาษา ญี่ปุ่น pantip,196
2026-07-04,10,คําศัพท์ภาษาญี่ปุ่น n5,189
2026-07-04,11,คําศัพท์ภาษาญี่ปุ่นง่ายๆ,189
2026-07-04,12,เรียน ภาษา ญี่ปุ่น ด้วย ตัว เอง รีวิว,187
2026-07-04,13,ภาษา ญี่ปุ่น เบื้องต้น สนทนา,186
2026-07-04,14,คําศัพท์ภาษาญี่ปุ่นเบื้องต้น,169
2026-07-04,15,สนทนาภาษาญี่ปุ่น n4,166
2026-07-04,16,ภาษาญี่ปุ่น เบื้องต้น,164
2026-07-04,17,คอร์ส ภาษา ญี่ปุ่น ราคา,159
2026-07-04,18,ภาษา ญี่ปุ่น เบื้องต้น pdf,155
2026-07-04,19,คําศัพท์ภาษาญี่ปุ่น n1,152
2026-07-04,20,คอร์ส ภาษา ญี่ปุ่น พื้นฐาน,149
2026-07-04,21,ไวยากรณ์ภาษาญี่ปุ่น n4,142
2026-07-04,22,ไวยากรณ์ ภาษา ญี่ปุ่น พื้นฐาน,137
2026-07-04,23,ไวยากรณ์ ภาษา ญี่ปุ่น คือ,137
2026-07-04,24,คอร์ส ภาษา ญี่ปุ่น ฟรี,129
2026-07-04,25,คอร์ส ภาษา ญี่ปุ่น ออนไลน์,128
2026-07-04,26,ไวยากรณ์ ภาษา ญี่ปุ่น ทั้งหมด,124
2026-07-04,27,ไวยากรณ์ ภาษา ญี่ปุ่น เรียก ว่า,123
2026-07-04,28,ไวยากรณ์ ภาษา ญี่ปุ่น pdf,119
2026-07-04,29,คําศัพท์ภาษาญี่ปุ่นพื้นฐาน,117
2026-07-04,30,สนทนา ภาษา ญี่ปุ่น,114
2026-07-04,31,ข้อสอบ ภาษา ญี่ปุ่น พื้นฐาน,110
2026-07-04,32,เรียนภาษาญี่ปุ่นด้วยตัวเอง,104
2026-07-04,33,ภาษา ญี่ปุ่น เบื้องต้น n5,96
2026-07-04,34,เรียนภาษาญี่ปุ่นด้วยตัวเอง เริ่มจาก 0,95
2026-07-04,35,ข้อสอบภาษาญี่ปุ่น,93
2026-07-04,36,คอร์ส เรียน ภาษา ญี่ปุ่น พื้นฐาน,90
2026-07-04,37,สอนภาษาญี่ปุ่นง่ายๆ,89
2026-07-04,38,ภาษาญี่ปุ่นเบื้องต้น พยัญชนะ,89
2026-07-04,39,สนทนาภาษาญี่ปุ่นเบื้องต้น,88
2026-07-04,40,สอนภาษาญี่ปุ่นฟรี,87
2026-07-04,41,คําศัพท์ภาษาญี่ปุ่น n4,82
2026-07-04,42,สอบ jlpt ผ่าน,81
2026-07-04,43,สนทนา ภาษา ญี่ปุ่น พื้นฐาน,80
2026-07-04,44,ข้อสอบ ภาษา ญี่ปุ่น ง่ายๆ,79
2026-07-04,45,ไวยากรณ์ภาษาญี่ปุ่น n5,76
2026-07-04,46,ข้อสอบ ภาษา ญี่ปุ่น เบื้องต้น,76
2026-07-04,47,ภาษา ญี่ปุ่น เบื้องต้น ฟรี,76
2026-07-04,48,คําศัพท์ภาษาญี่ปุ่น n3,75
2026-07-04,49,คอร์ส ภาษา ญี่ปุ่น เบื้องต้น,74
2026-07-04,50,เรียน ภาษา ญี่ปุ่น ด้วย ตัว เอง pantip,70
2026-07-04,51,สอนภาษาญี่ปุ่นพื้นฐาน,70
2026-07-04,52,คอร์ส เรียน ภาษา ญี่ปุ่น พูด,70
2026-07-04,53,ไวยากรณ์ ภาษา ญี่ปุ่น เบื้องต้น,69
2026-07-04,54,คอร์ส เรียน ภาษา ญี่ปุ่น รีวิว,68
2026-07-04,55,เรียน ภาษา ญี่ปุ่น ด้วย ตัว เอง ฟรี,67
2026-07-04,56,ไวยากรณ์ภาษาญี่ปุ่นเบื้องต้น,66
2026-07-04,57,คอร์ส ออนไลน์ สนทนา ภาษา ญี่ปุ่น พูด ได้ ใช้ คล่อง,66
2026-07-04,58,สอบ jlpt pantip,62
2026-07-04,59,ไวยากรณ์ภาษาญี่ปุ่น n2,58
2026-07-04,60,คอร์ส ภาษา ญี่ปุ่น ธุรกิจ,57
2026-07-04,61,ภาษาญี่ปุ่นเบื้องต้น บทที่ 1,54
2026-07-04,62,สอบ jlpt n5,53
2026-07-04,63,เรียนภาษาญี่ปุ่น เด็ก,51
2026-07-04,64,คอร์ส ภาษา ญี่ปุ่น มหิดล,50
2026-07-04,65,ภาษา ญี่ปุ่น เบื้องต้น หนังสือ,50
2026-07-04,66,สอบ jlpt ไม่ ผ่าน,50
2026-07-04,67,คําศัพท์ภาษาญี่ปุ่น n2,48
2026-07-04,68,สอบ jlpt ออนไลน์,48
2026-07-04,69,เรียน ภาษา ญี่ปุ่น by click japanese,47
2026-07-04,70,สอบ jlpt n1,46
2026-07-04,71,ข้อสอบ ภาษา ญี่ปุ่น a level,46
2026-07-04,72,ข้อสอบ ภาษา ญี่ปุ่น พร้อม เฉลย,46
2026-07-04,73,คอร์ส เรียน ภาษา ญี่ปุ่น ราคา,45
2026-07-04,74,สอบ jlpt ยัง ไง,45
2026-07-04,75,เรียน ภาษา ญี่ปุ่น future skill,44
2026-07-04,76,คอร์ส เรียน ภาษา ญี่ปุ่น pantip,44
2026-07-04,77,ไวยากรณ์ ภาษา ญี่ปุ่น เบื้องต้น ฉบับ สมบูรณ์ pdf,43
2026-07-04,78,สอบ jlpt ครั้ง ที่ 1,43
2026-07-04,79,ภาษา ญี่ปุ่น เบื้องต้น สวัสดี,42
2026-07-04,80,ไวยากรณ์ภาษาญี่ปุ่น n3,41
2026-07-04,81,คอร์ส ภาษา ญี่ปุ่น ออนไลน์ ฟรี,41
2026-07-04,82,เรียน ภาษา ญี่ปุ่น ด้วย ตัว เอง n1,41
2026-07-04,83,สอบ jlpt ที่ไหน,41
2026-07-04,84,คอร์ส เรียน ภาษา ญี่ปุ่น a level,40
2026-07-04,85,สนทนา ภาษา ญี่ปุ่น ใน ชีวิต ประ จํา วัน,40
2026-07-04,86,เรียนภาษาญี่ปุ่น ออนไลน์,39
2026-07-04,87,เรียน ภาษา ญี่ปุ่น by click japanese รีวิว,39
2026-07-04,88,เรียน ภาษา ญี่ปุ่น i love japan,39
2026-07-04,89,สอนภาษาญี่ปุ่น สนทนา,39
2026-07-04,90,สอบ jlpt คือ,39
2026-07-04,91,สอบ jlpt ระดับ,39
2026-07-04,92,ข้อสอบ ภาษา ญี่ปุ่น แปล ว่า,39
2026-07-04,93,สอนภาษาญี่ปุ่น n4,38
2026-07-04,94,สอบ jlpt ยาก ไหม,38
2026-07-04,95,สอบ jlpt n2,38
2026-07-04,96,ข้อสอบ ภาษา ญี่ปุ่น เขียน ยัง ไง,38
2026-07-04,97,เรียน ภาษา ญี่ปุ่น japan foundation,37
2026-07-04,98,ไวยากรณ์ ภาษา ญี่ปุ่น ชั้น ต้น,37
2026-07-04,99,สอบ jlpt n3,37
2026-07-04,100,สอบ jlpt ครั้ง แรก,37
2026-07-04,1,ข้อสอบภาษาญี่ปุ่น n4,290
2026-07-04,2,คําศัพท์ภาษาญี่ปุ่น nc,287
2026-07-04,3,สนทนาภาษาญี่ปุ่นพื้นฐาน,284
2026-07-04,4,สนทนาภาษาญี่ปุ่น เบื้องต้น,266
2026-07-04,5,ไวยากรณ์ภาษาญี่ปุ่น n1,251
2026-07-04,6,ข้อสอบ ภาษา ญี่ปุ่น คือ,248
2026-07-04,7,ข้อสอบภาษาญี่ปุ่น n5,244
2026-07-04,8,ข้อสอบ ภาษา ญี่ปุ่น pdf,204
2026-07-04,9,ไวยากรณ์ ภาษา ญี่ปุ่น pantip,196
2026-07-04,10,คําศัพท์ภาษาญี่ปุ่น n5,189
2026-07-04,11,คําศัพท์ภาษาญี่ปุ่นง่ายๆ,189
2026-07-04,12,เรียน ภาษา ญี่ปุ่น ด้วย ตัว เอง รีวิว,187
2026-07-04,13,ภาษา ญี่ปุ่น เบื้องต้น สนทนา,186
2026-07-04,14,คําศัพท์ภาษาญี่ปุ่นเบื้องต้น,169
2026-07-04,15,สนทนาภาษาญี่ปุ่น n4,166
2026-07-04,16,ภาษาญี่ปุ่น เบื้องต้น,164
2026-07-04,17,คอร์ส ภาษา ญี่ปุ่น ราคา,161
2026-07-04,18,ภาษา ญี่ปุ่น เบื้องต้น pdf,155
2026-07-04,19,คําศัพท์ภาษาญี่ปุ่น n1,152
2026-07-04,20,คอร์ส ภาษา ญี่ปุ่น พื้นฐาน,152
2026-07-04,21,ไวยากรณ์ภาษาญี่ปุ่น n4,142
2026-07-04,22,ไวยากรณ์ ภาษา ญี่ปุ่น พื้นฐาน,137
2026-07-04,23,ไวยากรณ์ ภาษา ญี่ปุ่น คือ,137
2026-07-04,24,คอร์ส ภาษา ญี่ปุ่น ฟรี,129
2026-07-04,25,คอร์ส ภาษา ญี่ปุ่น ออนไลน์,128
2026-07-04,26,ไวยากรณ์ ภาษา ญี่ปุ่น ทั้งหมด,124
2026-07-04,27,ไวยากรณ์ ภาษา ญี่ปุ่น เรียก ว่า,123
2026-07-04,28,ไวยากรณ์ ภาษา ญี่ปุ่น pdf,119
2026-07-04,29,คําศัพท์ภาษาญี่ปุ่นพื้นฐาน,117
2026-07-04,30,สนทนา ภาษา ญี่ปุ่น,114
2026-07-04,31,ข้อสอบ ภาษา ญี่ปุ่น พื้นฐาน,110
2026-07-04,32,เรียนภาษาญี่ปุ่นด้วยตัวเอง,103
2026-07-04,33,ภาษา ญี่ปุ่น เบื้องต้น n5,96
2026-07-04,34,เรียนภาษาญี่ปุ่นด้วยตัวเอง เริ่มจาก 0,95
2026-07-04,35,ข้อสอบภาษาญี่ปุ่น,92
2026-07-04,36,คอร์ส เรียน ภาษา ญี่ปุ่น พื้นฐาน,90
2026-07-04,37,สอนภาษาญี่ปุ่นง่ายๆ,89
2026-07-04,38,ภาษาญี่ปุ่นเบื้องต้น พยัญชนะ,89
2026-07-04,39,สนทนาภาษาญี่ปุ่นเบื้องต้น,88
2026-07-04,40,สอนภาษาญี่ปุ่นฟรี,87
2026-07-04,41,คําศัพท์ภาษาญี่ปุ่น n4,82
2026-07-04,42,สอบ jlpt ผ่าน,81
2026-07-04,43,สนทนา ภาษา ญี่ปุ่น พื้นฐาน,80
2026-07-04,44,ข้อสอบ ภาษา ญี่ปุ่น ง่ายๆ,79
2026-07-04,45,ไวยากรณ์ภาษาญี่ปุ่น n5,76
2026-07-04,46,ข้อสอบ ภาษา ญี่ปุ่น เบื้องต้น,76
2026-07-04,47,ภาษา ญี่ปุ่น เบื้องต้น ฟรี,76
2026-07-04,48,คําศัพท์ภาษาญี่ปุ่น n3,75
2026-07-04,49,คอร์ส ภาษา ญี่ปุ่น เบื้องต้น,74
2026-07-04,50,เรียน ภาษา ญี่ปุ่น ด้วย ตัว เอง pantip,70
2026-07-04,51,สอนภาษาญี่ปุ่นพื้นฐาน,70
2026-07-04,52,คอร์ส เรียน ภาษา ญี่ปุ่น พูด,70
2026-07-04,53,ไวยากรณ์ ภาษา ญี่ปุ่น เบื้องต้น,69
2026-07-04,54,คอร์ส เรียน ภาษา ญี่ปุ่น รีวิว,68
2026-07-04,55,เรียน ภาษา ญี่ปุ่น ด้วย ตัว เอง ฟรี,67
2026-07-04,56,คอร์ส ออนไลน์ สนทนา ภาษา ญี่ปุ่น พูด ได้ ใช้ คล่อง,67
2026-07-04,57,ไวยากรณ์ภาษาญี่ปุ่นเบื้องต้น,66
2026-07-04,58,สอบ jlpt pantip,62
2026-07-04,59,ไวยากรณ์ภาษาญี่ปุ่น n2,58
2026-07-04,60,คอร์ส ภาษา ญี่ปุ่น ธุรกิจ,57
2026-07-04,61,ภาษาญี่ปุ่นเบื้องต้น บทที่ 1,54
2026-07-04,62,สอบ jlpt n5,53
2026-07-04,63,เรียนภาษาญี่ปุ่น เด็ก,51
2026-07-04,64,คอร์ส ภาษา ญี่ปุ่น มหิดล,50
2026-07-04,65,ภาษา ญี่ปุ่น เบื้องต้น หนังสือ,50
2026-07-04,66,สอบ jlpt ไม่ ผ่าน,50
2026-07-04,67,คําศัพท์ภาษาญี่ปุ่น n2,48
2026-07-04,68,สอบ jlpt ออนไลน์,48
2026-07-04,69,เรียน ภาษา ญี่ปุ่น by click japanese,47
2026-07-04,70,สอบ jlpt n1,46
2026-07-04,71,ข้อสอบ ภาษา ญี่ปุ่น a level,46
2026-07-04,72,ข้อสอบ ภาษา ญี่ปุ่น พร้อม เฉลย,46
2026-07-04,73,คอร์ส เรียน ภาษา ญี่ปุ่น ราคา,45
2026-07-04,74,สอบ jlpt ยัง ไง,45
2026-07-04,75,เรียน ภาษา ญี่ปุ่น future skill,44
2026-07-04,76,คอร์ส เรียน ภาษา ญี่ปุ่น pantip,44
2026-07-04,77,ไวยากรณ์ ภาษา ญี่ปุ่น เบื้องต้น ฉบับ สมบูรณ์ pdf,43
2026-07-04,78,สอบ jlpt ครั้ง ที่ 1,43
2026-07-04,79,ภาษา ญี่ปุ่น เบื้องต้น สวัสดี,42
2026-07-04,80,ไวยากรณ์ภาษาญี่ปุ่น n3,41
2026-07-04,81,คอร์ส ภาษา ญี่ปุ่น ออนไลน์ ฟรี,41
2026-07-04,82,เรียน ภาษา ญี่ปุ่น ด้วย ตัว เอง n1,41
2026-07-04,83,สอบ jlpt ที่ไหน,41
2026-07-04,84,คอร์ส เรียน ภาษา ญี่ปุ่น a level,40
2026-07-04,85,สนทนา ภาษา ญี่ปุ่น ใน ชีวิต ประ จํา วัน,40
2026-07-04,86,เรียน ภาษา ญี่ปุ่น by click japanese รีวิว,39
2026-07-04,87,เรียน ภาษา ญี่ปุ่น i love japan,39
2026-07-04,88,สอนภาษาญี่ปุ่น สนทนา,39
2026-07-04,89,สอบ jlpt คือ,39
2026-07-04,90,สอบ jlpt ระดับ,39
2026-07-04,91,ข้อสอบ ภาษา ญี่ปุ่น แปล ว่า,39
2026-07-04,92,เรียนภาษาญี่ปุ่น ออนไลน์,38
2026-07-04,93,สอนภาษาญี่ปุ่น n4,38
2026-07-04,94,สอบ jlpt ยาก ไหม,38
2026-07-04,95,สอบ jlpt n2,38
2026-07-04,96,ข้อสอบ ภาษา ญี่ปุ่น เขียน ยัง ไง,38
2026-07-04,97,เรียน ภาษา ญี่ปุ่น japan foundation,37
2026-07-04,98,ไวยากรณ์ ภาษา ญี่ปุ่น ชั้น ต้น,37
2026-07-04,99,เรียน ญี่ปุ่น ที่ไหน,37
2026-07-04,100,สอบ jlpt n3,37
2026-07-06,1,ข้อสอบภาษาญี่ปุ่น n4,290
2026-07-06,2,คําศัพท์ภาษาญี่ปุ่น nc,287
2026-07-06,3,สนทนาภาษาญี่ปุ่นพื้นฐาน,284
2026-07-06,4,สนทนาภาษาญี่ปุ่น เบื้องต้น,266
2026-07-06,5,ข้อสอบ ภาษา ญี่ปุ่น คือ,248
2026-07-06,6,ข้อสอบภาษาญี่ปุ่น n5,244
2026-07-06,7,ไวยากรณ์ภาษาญี่ปุ่น n1,241
2026-07-06,8,ข้อสอบ ภาษา ญี่ปุ่น pdf,204
2026-07-06,9,คําศัพท์ภาษาญี่ปุ่น n5,189
2026-07-06,10,คําศัพท์ภาษาญี่ปุ่นง่ายๆ,189
2026-07-06,11,ไวยากรณ์ ภาษา ญี่ปุ่น pantip,188
2026-07-06,12,เรียน ภาษา ญี่ปุ่น ด้วย ตัว เอง รีวิว,187
2026-07-06,13,ภาษา ญี่ปุ่น เบื้องต้น สนทนา,185
2026-07-06,14,คําศัพท์ภาษาญี่ปุ่นเบื้องต้น,169
2026-07-06,15,สนทนาภาษาญี่ปุ่น n4,166
2026-07-06,16,ภาษาญี่ปุ่น เบื้องต้น,163
2026-07-06,17,คอร์ส ภาษา ญี่ปุ่น ราคา,160
2026-07-06,18,ภาษา ญี่ปุ่น เบื้องต้น pdf,155
2026-07-06,19,คําศัพท์ภาษาญี่ปุ่น n1,152
2026-07-06,20,คอร์ส ภาษา ญี่ปุ่น พื้นฐาน,152
2026-07-06,21,ไวยากรณ์ ภาษา ญี่ปุ่น พื้นฐาน,137
2026-07-06,22,ไวยากรณ์ ภาษา ญี่ปุ่น คือ,137
2026-07-06,23,ไวยากรณ์ภาษาญี่ปุ่น n4,136
2026-07-06,24,คอร์ส ภาษา ญี่ปุ่น ฟรี,129
2026-07-06,25,คอร์ส ภาษา ญี่ปุ่น ออนไลน์,128
2026-07-06,26,ไวยากรณ์ ภาษา ญี่ปุ่น เรียก ว่า,123
2026-07-06,27,ไวยากรณ์ ภาษา ญี่ปุ่น pdf,119
2026-07-06,28,ไวยากรณ์ ภาษา ญี่ปุ่น ทั้งหมด,117
2026-07-06,29,คําศัพท์ภาษาญี่ปุ่นพื้นฐาน,117
2026-07-06,30,สนทนา ภาษา ญี่ปุ่น,114
2026-07-06,31,ข้อสอบ ภาษา ญี่ปุ่น พื้นฐาน,110
2026-07-06,32,เรียนภาษาญี่ปุ่นด้วยตัวเอง,104
2026-07-06,33,ภาษา ญี่ปุ่น เบื้องต้น n5,96
2026-07-06,34,เรียนภาษาญี่ปุ่นด้วยตัวเอง เริ่มจาก 0,95
2026-07-06,35,สอนภาษาญี่ปุ่นง่ายๆ,92
2026-07-06,36,ข้อสอบภาษาญี่ปุ่น,92
2026-07-06,37,คอร์ส เรียน ภาษา ญี่ปุ่น พื้นฐาน,90
2026-07-06,38,ภาษาญี่ปุ่นเบื้องต้น พยัญชนะ,89
2026-07-06,39,สนทนาภาษาญี่ปุ่นเบื้องต้น,88
2026-07-06,40,สอนภาษาญี่ปุ่นฟรี,87
2026-07-06,41,คําศัพท์ภาษาญี่ปุ่น n4,82
2026-07-06,42,สอบ jlpt ผ่าน,81
2026-07-06,43,สนทนา ภาษา ญี่ปุ่น พื้นฐาน,80
2026-07-06,44,ข้อสอบ ภาษา ญี่ปุ่น ง่ายๆ,79
2026-07-06,45,ไวยากรณ์ภาษาญี่ปุ่น n5,76
2026-07-06,46,ข้อสอบ ภาษา ญี่ปุ่น เบื้องต้น,76
2026-07-06,47,ภาษา ญี่ปุ่น เบื้องต้น ฟรี,76
2026-07-06,48,คําศัพท์ภาษาญี่ปุ่น n3,75
2026-07-06,49,คอร์ส ภาษา ญี่ปุ่น เบื้องต้น,74
2026-07-06,50,เรียน ภาษา ญี่ปุ่น ด้วย ตัว เอง pantip,70
2026-07-06,51,สอนภาษาญี่ปุ่นพื้นฐาน,70
2026-07-06,52,คอร์ส เรียน ภาษา ญี่ปุ่น พูด,70
2026-07-06,53,ไวยากรณ์ ภาษา ญี่ปุ่น เบื้องต้น,69
2026-07-06,54,คอร์ส เรียน ภาษา ญี่ปุ่น รีวิว,68
2026-07-06,55,เรียน ภาษา ญี่ปุ่น ด้วย ตัว เอง ฟรี,67
2026-07-06,56,คอร์ส ออนไลน์ สนทนา ภาษา ญี่ปุ่น พูด ได้ ใช้ คล่อง,66
2026-07-06,57,สอบ jlpt pantip,62
2026-07-06,58,ไวยากรณ์ภาษาญี่ปุ่น n2,58
2026-07-06,59,ไวยากรณ์ภาษาญี่ปุ่นเบื้องต้น,57
2026-07-06,60,คอร์ส ภาษา ญี่ปุ่น ธุรกิจ,57
2026-07-06,61,ภาษาญี่ปุ่นเบื้องต้น บทที่ 1,54
2026-07-06,62,สอบ jlpt n5,53
2026-07-06,63,เรียนภาษาญี่ปุ่น เด็ก,51
2026-07-06,64,คอร์ส ภาษา ญี่ปุ่น มหิดล,50
2026-07-06,65,ภาษา ญี่ปุ่น เบื้องต้น หนังสือ,50
2026-07-06,66,สอบ jlpt ไม่ ผ่าน,50
2026-07-06,67,คําศัพท์ภาษาญี่ปุ่น n2,48
2026-07-06,68,สอบ jlpt ออนไลน์,48
2026-07-06,69,เรียน ภาษา ญี่ปุ่น by click japanese,47
2026-07-06,70,สอบ jlpt n1,46
2026-07-06,71,ข้อสอบ ภาษา ญี่ปุ่น a level,46
2026-07-06,72,ข้อสอบ ภาษา ญี่ปุ่น พร้อม เฉลย,46
2026-07-06,73,คอร์ส เรียน ภาษา ญี่ปุ่น ราคา,45
2026-07-06,74,สอบ jlpt ยัง ไง,45
2026-07-06,75,เรียน ภาษา ญี่ปุ่น future skill,44
2026-07-06,76,คอร์ส เรียน ภาษา ญี่ปุ่น pantip,44
2026-07-06,77,ไวยากรณ์ ภาษา ญี่ปุ่น เบื้องต้น ฉบับ สมบูรณ์ pdf,43
2026-07-06,78,สอบ jlpt ครั้ง ที่ 1,43
2026-07-06,79,ไวยากรณ์ภาษาญี่ปุ่น n3,41
2026-07-06,80,สอนภาษาญี่ปุ่น n4,41
2026-07-06,81,คอร์ส ภาษา ญี่ปุ่น ออนไลน์ ฟรี,41
2026-07-06,82,ภาษา ญี่ปุ่น เบื้องต้น สวัสดี,41
2026-07-06,83,เรียน ภาษา ญี่ปุ่น ด้วย ตัว เอง n1,41
2026-07-06,84,สอบ jlpt ที่ไหน,41
2026-07-06,85,คอร์ส เรียน ภาษา ญี่ปุ่น a level,40
2026-07-06,86,สนทนา ภาษา ญี่ปุ่น ใน ชีวิต ประ จํา วัน,40
2026-07-06,87,เรียน ภาษา ญี่ปุ่น by click japanese รีวิว,39
2026-07-06,88,เรียน ภาษา ญี่ปุ่น i love japan,39
2026-07-06,89,สอนภาษาญี่ปุ่น สนทนา,39
2026-07-06,90,สอบ jlpt คือ,39
2026-07-06,91,สอบ jlpt ระดับ,39
2026-07-06,92,ข้อสอบ ภาษา ญี่ปุ่น แปล ว่า,39
2026-07-06,93,เรียนภาษาญี่ปุ่น ออนไลน์,38
2026-07-06,94,สอบ jlpt ยาก ไหม,38
2026-07-06,95,สอบ jlpt n2,38
2026-07-06,96,ข้อสอบ ภาษา ญี่ปุ่น เขียน ยัง ไง,38
2026-07-06,97,เรียน ภาษา ญี่ปุ่น japan foundation,37
2026-07-06,98,ไวยากรณ์ ภาษา ญี่ปุ่น ชั้น ต้น,37
2026-07-06,99,สอบ jlpt n3,37
2026-07-06,100,สอบ jlpt ครั้ง แรก,37
2026-07-07,1,ข้อสอบภาษาญี่ปุ่น n4,290
2026-07-07,2,คําศัพท์ภาษาญี่ปุ่น nc,287
2026-07-07,3,สนทนาภาษาญี่ปุ่นพื้นฐาน,284
2026-07-07,4,สนทนาภาษาญี่ปุ่น เบื้องต้น,266
2026-07-07,5,ไวยากรณ์ภาษาญี่ปุ่น n1,251
2026-07-07,6,ข้อสอบ ภาษา ญี่ปุ่น คือ,248
2026-07-07,7,ข้อสอบภาษาญี่ปุ่น n5,244
2026-07-07,8,ข้อสอบ ภาษา ญี่ปุ่น pdf,204
2026-07-07,9,ไวยากรณ์ ภาษา ญี่ปุ่น pantip,196
2026-07-07,10,คําศัพท์ภาษาญี่ปุ่น n5,189
2026-07-07,11,คําศัพท์ภาษาญี่ปุ่นง่ายๆ,189
2026-07-07,12,เรียน ภาษา ญี่ปุ่น ด้วย ตัว เอง รีวิว,187
2026-07-07,13,ภาษา ญี่ปุ่น เบื้องต้น สนทนา,185
2026-07-07,14,คําศัพท์ภาษาญี่ปุ่นเบื้องต้น,169
2026-07-07,15,สนทนาภาษาญี่ปุ่น n4,166
2026-07-07,16,ภาษาญี่ปุ่น เบื้องต้น,163
2026-07-07,17,คอร์ส ภาษา ญี่ปุ่น ราคา,161
2026-07-07,18,ภาษา ญี่ปุ่น เบื้องต้น pdf,155
2026-07-07,19,คําศัพท์ภาษาญี่ปุ่น n1,152
2026-07-07,20,คอร์ส ภาษา ญี่ปุ่น พื้นฐาน,152
2026-07-07,21,ไวยากรณ์ภาษาญี่ปุ่น n4,142
2026-07-07,22,ไวยากรณ์ ภาษา ญี่ปุ่น พื้นฐาน,137
2026-07-07,23,ไวยากรณ์ ภาษา ญี่ปุ่น คือ,137
2026-07-07,24,คอร์ส ภาษา ญี่ปุ่น ฟรี,129
2026-07-07,25,คอร์ส ภาษา ญี่ปุ่น ออนไลน์,128
2026-07-07,26,ไวยากรณ์ ภาษา ญี่ปุ่น ทั้งหมด,124
2026-07-07,27,ไวยากรณ์ ภาษา ญี่ปุ่น เรียก ว่า,123
2026-07-07,28,ไวยากรณ์ ภาษา ญี่ปุ่น pdf,119
2026-07-07,29,คําศัพท์ภาษาญี่ปุ่นพื้นฐาน,117
2026-07-07,30,สนทนา ภาษา ญี่ปุ่น,114
2026-07-07,31,ข้อสอบ ภาษา ญี่ปุ่น พื้นฐาน,110
2026-07-07,32,เรียนภาษาญี่ปุ่นด้วยตัวเอง,104
2026-07-07,33,ภาษา ญี่ปุ่น เบื้องต้น n5,96
2026-07-07,34,เรียนภาษาญี่ปุ่นด้วยตัวเอง เริ่มจาก 0,95
2026-07-07,35,ข้อสอบภาษาญี่ปุ่น,92
2026-07-07,36,คอร์ส เรียน ภาษา ญี่ปุ่น พื้นฐาน,90
2026-07-07,37,สอนภาษาญี่ปุ่นง่ายๆ,89
2026-07-07,38,ภาษาญี่ปุ่นเบื้องต้น พยัญชนะ,89
2026-07-07,39,สนทนาภาษาญี่ปุ่นเบื้องต้น,88
2026-07-07,40,คําศัพท์ภาษาญี่ปุ่น n4,82
2026-07-07,41,สอบ jlpt ผ่าน,81
2026-07-07,42,สนทนา ภาษา ญี่ปุ่น พื้นฐาน,80
2026-07-07,43,ข้อสอบ ภาษา ญี่ปุ่น ง่ายๆ,79
2026-07-07,44,สอนภาษาญี่ปุ่นฟรี,78
2026-07-07,45,ไวยากรณ์ภาษาญี่ปุ่น n5,76
2026-07-07,46,ข้อสอบ ภาษา ญี่ปุ่น เบื้องต้น,76
2026-07-07,47,ภาษา ญี่ปุ่น เบื้องต้น ฟรี,76
2026-07-07,48,คําศัพท์ภาษาญี่ปุ่น n3,75
2026-07-07,49,คอร์ส ภาษา ญี่ปุ่น เบื้องต้น,74
2026-07-07,50,สอนภาษาญี่ปุ่นพื้นฐาน,72
2026-07-07,51,เรียน ภาษา ญี่ปุ่น ด้วย ตัว เอง pantip,70
2026-07-07,52,คอร์ส เรียน ภาษา ญี่ปุ่น พูด,70
2026-07-07,53,ไวยากรณ์ ภาษา ญี่ปุ่น เบื้องต้น,69
2026-07-07,54,คอร์ส เรียน ภาษา ญี่ปุ่น รีวิว,68
2026-07-07,55,เรียน ภาษา ญี่ปุ่น ด้วย ตัว เอง ฟรี,67
2026-07-07,56,คอร์ส ออนไลน์ สนทนา ภาษา ญี่ปุ่น พูด ได้ ใช้ คล่อง,67
2026-07-07,57,ไวยากรณ์ภาษาญี่ปุ่นเบื้องต้น,66
2026-07-07,58,สอบ jlpt pantip,62
2026-07-07,59,ไวยากรณ์ภาษาญี่ปุ่น n2,58
2026-07-07,60,คอร์ส ภาษา ญี่ปุ่น ธุรกิจ,57
2026-07-07,61,ภาษาญี่ปุ่นเบื้องต้น บทที่ 1,54
2026-07-07,62,สอบ jlpt n5,53
2026-07-07,63,เรียนภาษาญี่ปุ่น เด็ก,51
2026-07-07,64,คอร์ส ภาษา ญี่ปุ่น มหิดล,50
2026-07-07,65,ภาษา ญี่ปุ่น เบื้องต้น หนังสือ,50
2026-07-07,66,สอบ jlpt ไม่ ผ่าน,50
2026-07-07,67,คําศัพท์ภาษาญี่ปุ่น n2,48
2026-07-07,68,สอบ jlpt ออนไลน์,48
2026-07-07,69,เรียน ภาษา ญี่ปุ่น by click japanese,47
2026-07-07,70,สอบ jlpt n1,46
2026-07-07,71,ข้อสอบ ภาษา ญี่ปุ่น a level,46
2026-07-07,72,ข้อสอบ ภาษา ญี่ปุ่น พร้อม เฉลย,46
2026-07-07,73,เรียน ภาษา ญี่ปุ่น future skill,45
2026-07-07,74,คอร์ส เรียน ภาษา ญี่ปุ่น ราคา,45
2026-07-07,75,สอบ jlpt ยัง ไง,45
2026-07-07,76,คอร์ส เรียน ภาษา ญี่ปุ่น pantip,44
2026-07-07,77,ไวยากรณ์ ภาษา ญี่ปุ่น เบื้องต้น ฉบับ สมบูรณ์ pdf,43
2026-07-07,78,สอบ jlpt ครั้ง ที่ 1,43
2026-07-07,79,ไวยากรณ์ภาษาญี่ปุ่น n3,41
2026-07-07,80,คอร์ส ภาษา ญี่ปุ่น ออนไลน์ ฟรี,41
2026-07-07,81,ภาษา ญี่ปุ่น เบื้องต้น สวัสดี,41
2026-07-07,82,เรียน ภาษา ญี่ปุ่น ด้วย ตัว เอง n1,41
2026-07-07,83,สอบ jlpt ที่ไหน,41
2026-07-07,84,คอร์ส เรียน ภาษา ญี่ปุ่น a level,40
2026-07-07,85,สนทนา ภาษา ญี่ปุ่น ใน ชีวิต ประ จํา วัน,40
2026-07-07,86,เรียน ภาษา ญี่ปุ่น by click japanese รีวิว,39
2026-07-07,87,เรียน ภาษา ญี่ปุ่น i love japan,39
2026-07-07,88,สอนภาษาญี่ปุ่น สนทนา,39
2026-07-07,89,สอบ jlpt คือ,39
2026-07-07,90,สอบ jlpt ระดับ,39
2026-07-07,91,ข้อสอบ ภาษา ญี่ปุ่น แปล ว่า,39
2026-07-07,92,เรียนภาษาญี่ปุ่น ออนไลน์,38
2026-07-07,93,สอนภาษาญี่ปุ่น n4,38
2026-07-07,94,สอบ jlpt ยาก ไหม,38
2026-07-07,95,สอบ jlpt n2,38
2026-07-07,96,ข้อสอบ ภาษา ญี่ปุ่น เขียน ยัง ไง,38
2026-07-07,97,เรียน ภาษา ญี่ปุ่น japan foundation,37
2026-07-07,98,ไวยากรณ์ ภาษา ญี่ปุ่น ชั้น ต้น,37
2026-07-07,99,เรียน ญี่ปุ่น ที่ไหน,37
2026-07-07,100,สอบ jlpt n3,37
2026-07-07,1,ข้อสอบภาษาญี่ปุ่น n4,290
2026-07-07,2,คําศัพท์ภาษาญี่ปุ่น nc,287
2026-07-07,3,สนทนาภาษาญี่ปุ่นพื้นฐาน,284
2026-07-07,4,สนทนาภาษาญี่ปุ่น เบื้องต้น,266
2026-07-07,5,ไวยากรณ์ภาษาญี่ปุ่น n1,251
2026-07-07,6,ข้อสอบ ภาษา ญี่ปุ่น คือ,248
2026-07-07,7,ข้อสอบภาษาญี่ปุ่น n5,244
2026-07-07,8,ข้อสอบ ภาษา ญี่ปุ่น pdf,204
2026-07-07,9,ไวยากรณ์ ภาษา ญี่ปุ่น pantip,196
2026-07-07,10,เรียน ภาษา ญี่ปุ่น ด้วย ตัว เอง รีวิว,190
2026-07-07,11,คําศัพท์ภาษาญี่ปุ่น n5,189
2026-07-07,12,คําศัพท์ภาษาญี่ปุ่นง่ายๆ,189
2026-07-07,13,ภาษา ญี่ปุ่น เบื้องต้น สนทนา,185
2026-07-07,14,คําศัพท์ภาษาญี่ปุ่นเบื้องต้น,169
2026-07-07,15,สนทนาภาษาญี่ปุ่น n4,166
2026-07-07,16,ภาษาญี่ปุ่น เบื้องต้น,163
2026-07-07,17,คอร์ส ภาษา ญี่ปุ่น ราคา,159
2026-07-07,18,ภาษา ญี่ปุ่น เบื้องต้น pdf,155
2026-07-07,19,คําศัพท์ภาษาญี่ปุ่น n1,152
2026-07-07,20,คอร์ส ภาษา ญี่ปุ่น พื้นฐาน,151
2026-07-07,21,ไวยากรณ์ภาษาญี่ปุ่น n4,142
2026-07-07,22,ไวยากรณ์ ภาษา ญี่ปุ่น คือ,138
2026-07-07,23,ไวยากรณ์ ภาษา ญี่ปุ่น พื้นฐาน,137
2026-07-07,24,คอร์ส ภาษา ญี่ปุ่น ฟรี,129
2026-07-07,25,คอร์ส ภาษา ญี่ปุ่น ออนไลน์,128
2026-07-07,26,ไวยากรณ์ ภาษา ญี่ปุ่น ทั้งหมด,125
2026-07-07,27,ไวยากรณ์ ภาษา ญี่ปุ่น เรียก ว่า,123
2026-07-07,28,ไวยากรณ์ ภาษา ญี่ปุ่น pdf,119
2026-07-07,29,คําศัพท์ภาษาญี่ปุ่นพื้นฐาน,117
2026-07-07,30,สนทนา ภาษา ญี่ปุ่น,114
2026-07-07,31,ข้อสอบ ภาษา ญี่ปุ่น พื้นฐาน,110
2026-07-07,32,เรียนภาษาญี่ปุ่นด้วยตัวเอง,107
2026-07-07,33,ภาษา ญี่ปุ่น เบื้องต้น n5,96
2026-07-07,34,ข้อสอบภาษาญี่ปุ่น,92
2026-07-07,35,คอร์ส เรียน ภาษา ญี่ปุ่น พื้นฐาน,90
2026-07-07,36,สอนภาษาญี่ปุ่นง่ายๆ,89
2026-07-07,37,ภาษาญี่ปุ่นเบื้องต้น พยัญชนะ,89
2026-07-07,38,สนทนาภาษาญี่ปุ่นเบื้องต้น,88
2026-07-07,39,สอนภาษาญี่ปุ่นฟรี,87
2026-07-07,40,คําศัพท์ภาษาญี่ปุ่น n4,82
2026-07-07,41,สอบ jlpt ผ่าน,81
2026-07-07,42,สนทนา ภาษา ญี่ปุ่น พื้นฐาน,80
2026-07-07,43,ข้อสอบ ภาษา ญี่ปุ่น ง่ายๆ,79
2026-07-07,44,ไวยากรณ์ภาษาญี่ปุ่น n5,76
2026-07-07,45,ข้อสอบ ภาษา ญี่ปุ่น เบื้องต้น,76
2026-07-07,46,ภาษา ญี่ปุ่น เบื้องต้น ฟรี,76
2026-07-07,47,คําศัพท์ภาษาญี่ปุ่น n3,75
2026-07-07,48,คอร์ส ภาษา ญี่ปุ่น เบื้องต้น,74
2026-07-07,49,เรียน ภาษา ญี่ปุ่น ด้วย ตัว เอง pantip,71
2026-07-07,50,สอนภาษาญี่ปุ่นพื้นฐาน,70
2026-07-07,51,คอร์ส เรียน ภาษา ญี่ปุ่น พูด,70
2026-07-07,52,ไวยากรณ์ ภาษา ญี่ปุ่น เบื้องต้น,69
2026-07-07,53,เรียน ภาษา ญี่ปุ่น ด้วย ตัว เอง ฟรี,68
2026-07-07,54,คอร์ส เรียน ภาษา ญี่ปุ่น รีวิว,68
2026-07-07,55,ไวยากรณ์ภาษาญี่ปุ่นเบื้องต้น,66
2026-07-07,56,คอร์ส ออนไลน์ สนทนา ภาษา ญี่ปุ่น พูด ได้ ใช้ คล่อง,66
2026-07-07,57,สอบ jlpt pantip,62
2026-07-07,58,ไวยากรณ์ภาษาญี่ปุ่น n2,58
2026-07-07,59,คอร์ส ภาษา ญี่ปุ่น ธุรกิจ,56
2026-07-07,60,ภาษาญี่ปุ่นเบื้องต้น บทที่ 1,54
2026-07-07,61,สอบ jlpt n5,53
2026-07-07,62,เรียนภาษาญี่ปุ่น เด็ก,51
2026-07-07,63,คอร์ส ภาษา ญี่ปุ่น มหิดล,50
2026-07-07,64,ภาษา ญี่ปุ่น เบื้องต้น หนังสือ,50
2026-07-07,65,สอบ jlpt ไม่ ผ่าน,50
2026-07-07,66,คําศัพท์ภาษาญี่ปุ่น n2,48
2026-07-07,67,สอบ jlpt ออนไลน์,48
2026-07-07,68,เรียน ภาษา ญี่ปุ่น by click japanese,47
2026-07-07,69,สอบ jlpt n1,46
2026-07-07,70,สอบ jlpt ยัง ไง,46
2026-07-07,71,ข้อสอบ ภาษา ญี่ปุ่น a level,46
2026-07-07,72,ข้อสอบ ภาษา ญี่ปุ่น พร้อม เฉลย,46
2026-07-07,73,คอร์ส เรียน ภาษา ญี่ปุ่น ราคา,45
2026-07-07,74,เรียน ภาษา ญี่ปุ่น future skill,44
2026-07-07,75,คอร์ส เรียน ภาษา ญี่ปุ่น pantip,44
2026-07-07,76,ไวยากรณ์ ภาษา ญี่ปุ่น เบื้องต้น ฉบับ สมบูรณ์ pdf,43
2026-07-07,77,สอบ jlpt ครั้ง ที่ 1,43
2026-07-07,78,ไวยากรณ์ภาษาญี่ปุ่น n3,41
2026-07-07,79,คอร์ส ภาษา ญี่ปุ่น ออนไลน์ ฟรี,41
2026-07-07,80,ภาษา ญี่ปุ่น เบื้องต้น สวัสดี,41
2026-07-07,81,เรียน ภาษา ญี่ปุ่น ด้วย ตัว เอง n1,41
2026-07-07,82,สอบ jlpt ที่ไหน,41
2026-07-07,83,คอร์ส เรียน ภาษา ญี่ปุ่น a level,40
2026-07-07,84,สนทนา ภาษา ญี่ปุ่น ใน ชีวิต ประ จํา วัน,40
2026-07-07,85,เรียนภาษาญี่ปุ่น ออนไลน์,39
2026-07-07,86,เรียน ภาษา ญี่ปุ่น by click japanese รีวิว,39
2026-07-07,87,เรียน ภาษา ญี่ปุ่น i love japan,39
2026-07-07,88,สอนภาษาญี่ปุ่น สนทนา,39
2026-07-07,89,สอบ jlpt คือ,39
2026-07-07,90,สอบ jlpt ระดับ,39
2026-07-07,91,ข้อสอบ ภาษา ญี่ปุ่น แปล ว่า,39
2026-07-07,92,สอนภาษาญี่ปุ่น n4,38
2026-07-07,93,สอบ jlpt ยาก ไหม,38
2026-07-07,94,สอบ jlpt n2,38
2026-07-07,95,ข้อสอบ ภาษา ญี่ปุ่น เขียน ยัง ไง,38
2026-07-07,96,เรียน ภาษา ญี่ปุ่น japan foundation,37
2026-07-07,97,ไวยากรณ์ ภาษา ญี่ปุ่น ชั้น ต้น,37
2026-07-07,98,เรียน ญี่ปุ่น ที่ไหน,37
2026-07-07,99,สอบ jlpt n3,37
2026-07-07,100,สอบ jlpt ครั้ง แรก,37
2026-07-09,1,ข้อสอบภาษาญี่ปุ่น n4,290
2026-07-09,2,คําศัพท์ภาษาญี่ปุ่น nc,287
2026-07-09,3,สนทนาภาษาญี่ปุ่นพื้นฐาน,284
2026-07-09,4,สนทนาภาษาญี่ปุ่น เบื้องต้น,266
2026-07-09,5,ไวยากรณ์ภาษาญี่ปุ่น n1,251
2026-07-09,6,ข้อสอบ ภาษา ญี่ปุ่น คือ,248
2026-07-09,7,ข้อสอบภาษาญี่ปุ่น n5,244
2026-07-09,8,ข้อสอบ ภาษา ญี่ปุ่น pdf,204
2026-07-09,9,ไวยากรณ์ ภาษา ญี่ปุ่น pantip,196
2026-07-09,10,เรียน ภาษา ญี่ปุ่น ด้วย ตัว เอง รีวิว,190
2026-07-09,11,คําศัพท์ภาษาญี่ปุ่น n5,189
2026-07-09,12,คําศัพท์ภาษาญี่ปุ่นง่ายๆ,189
2026-07-09,13,ภาษา ญี่ปุ่น เบื้องต้น สนทนา,185
2026-07-09,14,คําศัพท์ภาษาญี่ปุ่นเบื้องต้น,169
2026-07-09,15,สนทนาภาษาญี่ปุ่น n4,166
2026-07-09,16,ภาษาญี่ปุ่น เบื้องต้น,163
2026-07-09,17,คอร์ส ภาษา ญี่ปุ่น ราคา,160
2026-07-09,18,ภาษา ญี่ปุ่น เบื้องต้น pdf,155
2026-07-09,19,คําศัพท์ภาษาญี่ปุ่น n1,152
2026-07-09,20,คอร์ส ภาษา ญี่ปุ่น พื้นฐาน,152
2026-07-09,21,ไวยากรณ์ภาษาญี่ปุ่น n4,142
2026-07-09,22,ไวยากรณ์ ภาษา ญี่ปุ่น พื้นฐาน,137
2026-07-09,23,ไวยากรณ์ ภาษา ญี่ปุ่น คือ,137
2026-07-09,24,คอร์ส ภาษา ญี่ปุ่น ฟรี,128
2026-07-09,25,คอร์ส ภาษา ญี่ปุ่น ออนไลน์,128
2026-07-09,26,ไวยากรณ์ ภาษา ญี่ปุ่น ทั้งหมด,124
2026-07-09,27,ไวยากรณ์ ภาษา ญี่ปุ่น เรียก ว่า,123
2026-07-09,28,ไวยากรณ์ ภาษา ญี่ปุ่น pdf,119
2026-07-09,29,คําศัพท์ภาษาญี่ปุ่นพื้นฐาน,117
2026-07-09,30,สนทนา ภาษา ญี่ปุ่น,114
2026-07-09,31,ข้อสอบ ภาษา ญี่ปุ่น พื้นฐาน,110
2026-07-09,32,เรียนภาษาญี่ปุ่นด้วยตัวเอง,107
2026-07-09,33,ภาษา ญี่ปุ่น เบื้องต้น n5,96
2026-07-09,34,ข้อสอบภาษาญี่ปุ่น,92
2026-07-09,35,สอนภาษาญี่ปุ่นง่ายๆ,91
2026-07-09,36,คอร์ส เรียน ภาษา ญี่ปุ่น พื้นฐาน,90
2026-07-09,37,สอนภาษาญี่ปุ่นฟรี,89
2026-07-09,38,สนทนาภาษาญี่ปุ่นเบื้องต้น,88
2026-07-09,39,ภาษาญี่ปุ่นเบื้องต้น พยัญชนะ,88
2026-07-09,40,คําศัพท์ภาษาญี่ปุ่น n4,82
2026-07-09,41,สอบ jlpt ผ่าน,81
2026-07-09,42,สนทนา ภาษา ญี่ปุ่น พื้นฐาน,80
2026-07-09,43,ข้อสอบ ภาษา ญี่ปุ่น ง่ายๆ,79
2026-07-09,44,ไวยากรณ์ภาษาญี่ปุ่น n5,76
2026-07-09,45,ข้อสอบ ภาษา ญี่ปุ่น เบื้องต้น,76
2026-07-09,46,ภาษา ญี่ปุ่น เบื้องต้น ฟรี,76
2026-07-09,47,คําศัพท์ภาษาญี่ปุ่น n3,75
2026-07-09,48,คอร์ส ภาษา ญี่ปุ่น เบื้องต้น,74
2026-07-09,49,เรียน ภาษา ญี่ปุ่น ด้วย ตัว เอง pantip,71
2026-07-09,50,สอนภาษาญี่ปุ่นพื้นฐาน,70
2026-07-09,51,คอร์ส เรียน ภาษา ญี่ปุ่น พูด,70
2026-07-09,52,ไวยากรณ์ ภาษา ญี่ปุ่น เบื้องต้น,69
2026-07-09,53,เรียน ภาษา ญี่ปุ่น ด้วย ตัว เอง ฟรี,68
2026-07-09,54,คอร์ส เรียน ภาษา ญี่ปุ่น รีวิว,68
2026-07-09,55,ไวยากรณ์ภาษาญี่ปุ่นเบื้องต้น,66
2026-07-09,56,คอร์ส ออนไลน์ สนทนา ภาษา ญี่ปุ่น พูด ได้ ใช้ คล่อง,66
2026-07-09,57,สอบ jlpt pantip,62
2026-07-09,58,ไวยากรณ์ภาษาญี่ปุ่น n2,58
2026-07-09,59,คอร์ส ภาษา ญี่ปุ่น ธุรกิจ,57
2026-07-09,60,ภาษาญี่ปุ่นเบื้องต้น บทที่ 1,54
2026-07-09,61,สอบ jlpt n5,53
2026-07-09,62,เรียนภาษาญี่ปุ่น เด็ก,51
2026-07-09,63,คอร์ส ภาษา ญี่ปุ่น มหิดล,50
2026-07-09,64,ภาษา ญี่ปุ่น เบื้องต้น หนังสือ,50
2026-07-09,65,สอบ jlpt ไม่ ผ่าน,50
2026-07-09,66,คําศัพท์ภาษาญี่ปุ่น n2,48
2026-07-09,67,สอบ jlpt ออนไลน์,48
2026-07-09,68,เรียน ภาษา ญี่ปุ่น by click japanese,47
2026-07-09,69,สอบ jlpt n1,46
2026-07-09,70,ข้อสอบ ภาษา ญี่ปุ่น a level,46
2026-07-09,71,ข้อสอบ ภาษา ญี่ปุ่น พร้อม เฉลย,46
2026-07-09,72,เรียน ภาษา ญี่ปุ่น future skill,45
2026-07-09,73,คอร์ส เรียน ภาษา ญี่ปุ่น ราคา,45
2026-07-09,74,สอบ jlpt ยัง ไง,45
2026-07-09,75,คอร์ส เรียน ภาษา ญี่ปุ่น pantip,44
2026-07-09,76,ไวยากรณ์ ภาษา ญี่ปุ่น เบื้องต้น ฉบับ สมบูรณ์ pdf,43
2026-07-09,77,สอบ jlpt ครั้ง ที่ 1,43
2026-07-09,78,ไวยากรณ์ภาษาญี่ปุ่น n3,41
2026-07-09,79,คอร์ส ภาษา ญี่ปุ่น ออนไลน์ ฟรี,41
2026-07-09,80,ภาษา ญี่ปุ่น เบื้องต้น สวัสดี,41
2026-07-09,81,เรียน ภาษา ญี่ปุ่น ด้วย ตัว เอง n1,41
2026-07-09,82,สอบ jlpt ที่ไหน,41
2026-07-09,83,คอร์ส เรียน ภาษา ญี่ปุ่น a level,40
2026-07-09,84,สนทนา ภาษา ญี่ปุ่น ใน ชีวิต ประ จํา วัน,40
2026-07-09,85,เรียนภาษาญี่ปุ่น ออนไลน์,39
2026-07-09,86,เรียน ภาษา ญี่ปุ่น by click japanese รีวิว,39
2026-07-09,87,เรียน ภาษา ญี่ปุ่น i love japan,39
2026-07-09,88,สอนภาษาญี่ปุ่น สนทนา,39
2026-07-09,89,สอบ jlpt คือ,39
2026-07-09,90,สอบ jlpt ระดับ,39
2026-07-09,91,ข้อสอบ ภาษา ญี่ปุ่น แปล ว่า,39
2026-07-09,92,สอนภาษาญี่ปุ่น n4,38
2026-07-09,93,สอบ jlpt ยาก ไหม,38
2026-07-09,94,สอบ jlpt n2,38
2026-07-09,95,ข้อสอบ ภาษา ญี่ปุ่น เขียน ยัง ไง,38
2026-07-09,96,เรียน ภาษา ญี่ปุ่น japan foundation,37
2026-07-09,97,ไวยากรณ์ ภาษา ญี่ปุ่น ชั้น ต้น,37
2026-07-09,98,เรียน ญี่ปุ่น ที่ไหน,37
2026-07-09,99,สอบ jlpt n3,37
2026-07-09,100,สอบ jlpt ครั้ง แรก,37
2026-07-10,1,ข้อสอบภาษาญี่ปุ่น n4,290
2026-07-10,2,คําศัพท์ภาษาญี่ปุ่น nc,287
2026-07-10,3,สนทนาภาษาญี่ปุ่นพื้นฐาน,284
2026-07-10,4,สนทนาภาษาญี่ปุ่น เบื้องต้น,266
2026-07-10,5,ไวยากรณ์ภาษาญี่ปุ่น n1,251
2026-07-10,6,ข้อสอบ ภาษา ญี่ปุ่น คือ,248
2026-07-10,7,ข้อสอบภาษาญี่ปุ่น n5,244
2026-07-10,8,ข้อสอบ ภาษา ญี่ปุ่น pdf,204
2026-07-10,9,ไวยากรณ์ ภาษา ญี่ปุ่น pantip,196
2026-07-10,10,เรียน ภาษา ญี่ปุ่น ด้วย ตัว เอง รีวิว,190
2026-07-10,11,คําศัพท์ภาษาญี่ปุ่น n5,189
2026-07-10,12,คําศัพท์ภาษาญี่ปุ่นง่ายๆ,189
2026-07-10,13,ภาษา ญี่ปุ่น เบื้องต้น สนทนา,185
2026-07-10,14,คําศัพท์ภาษาญี่ปุ่นเบื้องต้น,169
2026-07-10,15,สนทนาภาษาญี่ปุ่น n4,166
2026-07-10,16,ภาษาญี่ปุ่น เบื้องต้น,163
2026-07-10,17,คอร์ส ภาษา ญี่ปุ่น ราคา,160
2026-07-10,18,ภาษา ญี่ปุ่น เบื้องต้น pdf,155
2026-07-10,19,คําศัพท์ภาษาญี่ปุ่น n1,152
2026-07-10,20,คอร์ส ภาษา ญี่ปุ่น พื้นฐาน,152
2026-07-10,21,ไวยากรณ์ภาษาญี่ปุ่น n4,142
2026-07-10,22,ไวยากรณ์ ภาษา ญี่ปุ่น พื้นฐาน,137
2026-07-10,23,ไวยากรณ์ ภาษา ญี่ปุ่น คือ,137
2026-07-10,24,คอร์ส ภาษา ญี่ปุ่น ฟรี,129
2026-07-10,25,คอร์ส ภาษา ญี่ปุ่น ออนไลน์,128
2026-07-10,26,ไวยากรณ์ ภาษา ญี่ปุ่น ทั้งหมด,124
2026-07-10,27,ไวยากรณ์ ภาษา ญี่ปุ่น เรียก ว่า,123
2026-07-10,28,ไวยากรณ์ ภาษา ญี่ปุ่น pdf,119
2026-07-10,29,คําศัพท์ภาษาญี่ปุ่นพื้นฐาน,117
2026-07-10,30,สนทนา ภาษา ญี่ปุ่น,114
2026-07-10,31,ข้อสอบ ภาษา ญี่ปุ่น พื้นฐาน,110
2026-07-10,32,เรียนภาษาญี่ปุ่นด้วยตัวเอง,107
2026-07-10,33,ภาษา ญี่ปุ่น เบื้องต้น n5,96
2026-07-10,34,ข้อสอบภาษาญี่ปุ่น,92
2026-07-10,35,คอร์ส เรียน ภาษา ญี่ปุ่น พื้นฐาน,90
2026-07-10,36,สอนภาษาญี่ปุ่นง่ายๆ,89
2026-07-10,37,ภาษาญี่ปุ่นเบื้องต้น พยัญชนะ,89
2026-07-10,38,สนทนาภาษาญี่ปุ่นเบื้องต้น,88
2026-07-10,39,คําศัพท์ภาษาญี่ปุ่น n4,82
2026-07-10,40,สอบ jlpt ผ่าน,81
2026-07-10,41,สนทนา ภาษา ญี่ปุ่น พื้นฐาน,80
2026-07-10,42,ข้อสอบ ภาษา ญี่ปุ่น ง่ายๆ,79
2026-07-10,43,สอนภาษาญี่ปุ่นฟรี,78
2026-07-10,44,ไวยากรณ์ภาษาญี่ปุ่น n5,76
2026-07-10,45,ข้อสอบ ภาษา ญี่ปุ่น เบื้องต้น,76
2026-07-10,46,ภาษา ญี่ปุ่น เบื้องต้น ฟรี,76
2026-07-10,47,คําศัพท์ภาษาญี่ปุ่น n3,75
2026-07-10,48,คอร์ส ภาษา ญี่ปุ่น เบื้องต้น,74
2026-07-10,49,สอนภาษาญี่ปุ่นพื้นฐาน,72
2026-07-10,50,เรียน ภาษา ญี่ปุ่น ด้วย ตัว เอง pantip,71
2026-07-10,51,คอร์ส เรียน ภาษา ญี่ปุ่น พูด,70
2026-07-10,52,ไวยากรณ์ ภาษา ญี่ปุ่น เบื้องต้น,69
2026-07-10,53,เรียน ภาษา ญี่ปุ่น ด้วย ตัว เอง ฟรี,68
2026-07-10,54,คอร์ส เรียน ภาษา ญี่ปุ่น รีวิว,68
2026-07-10,55,ไวยากรณ์ภาษาญี่ปุ่นเบื้องต้น,66
2026-07-10,56,คอร์ส ออนไลน์ สนทนา ภาษา ญี่ปุ่น พูด ได้ ใช้ คล่อง,66
2026-07-10,57,สอบ jlpt pantip,62
2026-07-10,58,ไวยากรณ์ภาษาญี่ปุ่น n2,58
2026-07-10,59,คอร์ส ภาษา ญี่ปุ่น ธุรกิจ,57
2026-07-10,60,ภาษาญี่ปุ่นเบื้องต้น บทที่ 1,54
2026-07-10,61,สอบ jlpt n5,53
2026-07-10,62,เรียนภาษาญี่ปุ่น เด็ก,51
2026-07-10,63,คอร์ส ภาษา ญี่ปุ่น มหิดล,50
2026-07-10,64,ภาษา ญี่ปุ่น เบื้องต้น หนังสือ,50
2026-07-10,65,สอบ jlpt ไม่ ผ่าน,50
2026-07-10,66,คําศัพท์ภาษาญี่ปุ่น n2,48
2026-07-10,67,สอบ jlpt ออนไลน์,48
2026-07-10,68,เรียน ภาษา ญี่ปุ่น by click japanese,47
2026-07-10,69,สอบ jlpt n1,46
2026-07-10,70,ข้อสอบ ภาษา ญี่ปุ่น a level,46
2026-07-10,71,ข้อสอบ ภาษา ญี่ปุ่น พร้อม เฉลย,46
2026-07-10,72,คอร์ส เรียน ภาษา ญี่ปุ่น ราคา,45
2026-07-10,73,สอบ jlpt ยัง ไง,45
2026-07-10,74,เรียน ภาษา ญี่ปุ่น future skill,44
2026-07-10,75,คอร์ส เรียน ภาษา ญี่ปุ่น pantip,44
2026-07-10,76,ไวยากรณ์ ภาษา ญี่ปุ่น เบื้องต้น ฉบับ สมบูรณ์ pdf,43
2026-07-10,77,สอบ jlpt ครั้ง ที่ 1,43
2026-07-10,78,ไวยากรณ์ภาษาญี่ปุ่น n3,41
2026-07-10,79,คอร์ส ภาษา ญี่ปุ่น ออนไลน์ ฟรี,41
2026-07-10,80,ภาษา ญี่ปุ่น เบื้องต้น สวัสดี,41
2026-07-10,81,เรียน ภาษา ญี่ปุ่น ด้วย ตัว เอง n1,41
2026-07-10,82,สอบ jlpt ที่ไหน,41
2026-07-10,83,คอร์ส เรียน ภาษา ญี่ปุ่น a level,40
2026-07-10,84,สนทนา ภาษา ญี่ปุ่น ใน ชีวิต ประ จํา วัน,40
2026-07-10,85,เรียนภาษาญี่ปุ่น ออนไลน์,39
2026-07-10,86,เรียน ภาษา ญี่ปุ่น by click japanese รีวิว,39
2026-07-10,87,เรียน ภาษา ญี่ปุ่น i love japan,39
2026-07-10,88,สอนภาษาญี่ปุ่น สนทนา,39
2026-07-10,89,สอบ jlpt คือ,39
2026-07-10,90,สอบ jlpt ระดับ,39
2026-07-10,91,ข้อสอบ ภาษา ญี่ปุ่น แปล ว่า,39
2026-07-10,92,สอนภาษาญี่ปุ่น n4,38
2026-07-10,93,สอบ jlpt ยาก ไหม,38
2026-07-10,94,สอบ jlpt n2,38
2026-07-10,95,ข้อสอบ ภาษา ญี่ปุ่น เขียน ยัง ไง,38
2026-07-10,96,เรียน ภาษา ญี่ปุ่น japan foundation,37
2026-07-10,97,ไวยากรณ์ ภาษา ญี่ปุ่น ชั้น ต้น,37
2026-07-10,98,เรียน ญี่ปุ่น ที่ไหน,37
2026-07-10,99,สอบ jlpt n3,37
2026-07-10,100,สอบ jlpt ครั้ง แรก,37
2026-07-10,1,คําศัพท์ภาษาญี่ปุ่น nc,291
2026-07-10,2,ข้อสอบภาษาญี่ปุ่น n4,290
2026-07-10,3,สนทนาภาษาญี่ปุ่นพื้นฐาน,284
2026-07-10,4,สนทนาภาษาญี่ปุ่น เบื้องต้น,266
2026-07-10,5,ไวยากรณ์ภาษาญี่ปุ่น n1,251
2026-07-10,6,ข้อสอบ ภาษา ญี่ปุ่น คือ,248
2026-07-10,7,ข้อสอบภาษาญี่ปุ่น n5,244
2026-07-10,8,ข้อสอบ ภาษา ญี่ปุ่น pdf,204
2026-07-10,9,ไวยากรณ์ ภาษา ญี่ปุ่น pantip,196
2026-07-10,10,คําศัพท์ภาษาญี่ปุ่นง่ายๆ,192
2026-07-10,11,คําศัพท์ภาษาญี่ปุ่น n5,191
2026-07-10,12,เรียน ภาษา ญี่ปุ่น ด้วย ตัว เอง รีวิว,190
2026-07-10,13,ภาษา ญี่ปุ่น เบื้องต้น สนทนา,185
2026-07-10,14,คําศัพท์ภาษาญี่ปุ่นเบื้องต้น,172
2026-07-10,15,สนทนาภาษาญี่ปุ่น n4,166
2026-07-10,16,ภาษาญี่ปุ่น เบื้องต้น,163
2026-07-10,17,คอร์ส ภาษา ญี่ปุ่น ราคา,159
2026-07-10,18,คําศัพท์ภาษาญี่ปุ่น n1,156
2026-07-10,19,ภาษา ญี่ปุ่น เบื้องต้น pdf,155
2026-07-10,20,คอร์ส ภาษา ญี่ปุ่น พื้นฐาน,151
2026-07-10,21,ไวยากรณ์ภาษาญี่ปุ่น n4,142
2026-07-10,22,ไวยากรณ์ ภาษา ญี่ปุ่น พื้นฐาน,137
2026-07-10,23,ไวยากรณ์ ภาษา ญี่ปุ่น คือ,137
2026-07-10,24,คอร์ส ภาษา ญี่ปุ่น ฟรี,129
2026-07-10,25,คอร์ส ภาษา ญี่ปุ่น ออนไลน์,128
2026-07-10,26,ไวยากรณ์ ภาษา ญี่ปุ่น ทั้งหมด,124
2026-07-10,27,ไวยากรณ์ ภาษา ญี่ปุ่น เรียก ว่า,123
2026-07-10,28,ไวยากรณ์ ภาษา ญี่ปุ่น pdf,119
2026-07-10,29,สนทนา ภาษา ญี่ปุ่น,114
2026-07-10,30,ข้อสอบ ภาษา ญี่ปุ่น พื้นฐาน,110
2026-07-10,31,เรียนภาษาญี่ปุ่นด้วยตัวเอง,107
2026-07-10,32,ภาษา ญี่ปุ่น เบื้องต้น n5,96
2026-07-10,33,ข้อสอบภาษาญี่ปุ่น,92
2026-07-10,34,คอร์ส เรียน ภาษา ญี่ปุ่น พื้นฐาน,90
2026-07-10,35,สอนภาษาญี่ปุ่นง่ายๆ,89
2026-07-10,36,สนทนาภาษาญี่ปุ่นเบื้องต้น,88
2026-07-10,37,ภาษาญี่ปุ่นเบื้องต้น พยัญชนะ,88
2026-07-10,38,สอนภาษาญี่ปุ่นฟรี,87
2026-07-10,39,คําศัพท์ภาษาญี่ปุ่น n4,84
2026-07-10,40,สอบ jlpt ผ่าน,81
2026-07-10,41,สนทนา ภาษา ญี่ปุ่น พื้นฐาน,80
2026-07-10,42,ข้อสอบ ภาษา ญี่ปุ่น ง่ายๆ,79
2026-07-10,43,ไวยากรณ์ภาษาญี่ปุ่น n5,76
2026-07-10,44,คําศัพท์ภาษาญี่ปุ่น n3,76
2026-07-10,45,ข้อสอบ ภาษา ญี่ปุ่น เบื้องต้น,76
2026-07-10,46,ภาษา ญี่ปุ่น เบื้องต้น ฟรี,76
2026-07-10,47,คอร์ส ภาษา ญี่ปุ่น เบื้องต้น,74
2026-07-10,48,เรียน ภาษา ญี่ปุ่น ด้วย ตัว เอง pantip,71
2026-07-10,49,สอนภาษาญี่ปุ่นพื้นฐาน,70
2026-07-10,50,คอร์ส เรียน ภาษา ญี่ปุ่น พูด,70
2026-07-10,51,ไวยากรณ์ ภาษา ญี่ปุ่น เบื้องต้น,69
2026-07-10,52,เรียน ภาษา ญี่ปุ่น ด้วย ตัว เอง ฟรี,68
2026-07-10,53,คอร์ส เรียน ภาษา ญี่ปุ่น รีวิว,68
2026-07-10,54,ไวยากรณ์ภาษาญี่ปุ่นเบื้องต้น,66
2026-07-10,55,คอร์ส ออนไลน์ สนทนา ภาษา ญี่ปุ่น พูด ได้ ใช้ คล่อง,66
2026-07-10,56,สอบ jlpt pantip,62
2026-07-10,57,ไวยากรณ์ภาษาญี่ปุ่น n2,58
2026-07-10,58,คอร์ส ภาษา ญี่ปุ่น ธุรกิจ,56
2026-07-10,59,ภาษาญี่ปุ่นเบื้องต้น บทที่ 1,54
2026-07-10,60,สอบ jlpt n5,53
2026-07-10,61,สอบ jlpt ไม่ ผ่าน,52
2026-07-10,62,เรียนภาษาญี่ปุ่น เด็ก,51
2026-07-10,63,คอร์ส ภาษา ญี่ปุ่น มหิดล,50
2026-07-10,64,ภาษา ญี่ปุ่น เบื้องต้น หนังสือ,50
2026-07-10,65,คําศัพท์ภาษาญี่ปุ่น n2,48
2026-07-10,66,สอบ jlpt ออนไลน์,48
2026-07-10,67,เรียน ภาษา ญี่ปุ่น by click japanese,47
2026-07-10,68,สอบ jlpt n1,46
2026-07-10,69,ข้อสอบ ภาษา ญี่ปุ่น a level,46
2026-07-10,70,ข้อสอบ ภาษา ญี่ปุ่น พร้อม เฉลย,46
2026-07-10,71,คอร์ส เรียน ภาษา ญี่ปุ่น ราคา,45
2026-07-10,72,สอบ jlpt ยัง ไง,45
2026-07-10,73,เรียน ภาษา ญี่ปุ่น future skill,44
2026-07-10,74,คอร์ส เรียน ภาษา ญี่ปุ่น pantip,44
2026-07-10,75,ไวยากรณ์ ภาษา ญี่ปุ่น เบื้องต้น ฉบับ สมบูรณ์ pdf,43
2026-07-10,76,สอบ jlpt ครั้ง ที่ 1,43
2026-07-10,77,ไวยากรณ์ภาษาญี่ปุ่น n3,41
2026-07-10,78,คอร์ส ภาษา ญี่ปุ่น ออนไลน์ ฟรี,41
2026-07-10,79,ภาษา ญี่ปุ่น เบื้องต้น สวัสดี,41
2026-07-10,80,เรียน ภาษา ญี่ปุ่น ด้วย ตัว เอง n1,41
2026-07-10,81,สอบ jlpt ที่ไหน,41
2026-07-10,82,คอร์ส เรียน ภาษา ญี่ปุ่น a level,40
2026-07-10,83,สนทนา ภาษา ญี่ปุ่น ใน ชีวิต ประ จํา วัน,40
2026-07-10,84,เรียน ภาษา ญี่ปุ่น by click japanese รีวิว,39
2026-07-10,85,เรียน ภาษา ญี่ปุ่น i love japan,39
2026-07-10,86,สอนภาษาญี่ปุ่น สนทนา,39
2026-07-10,87,สอบ jlpt คือ,39
2026-07-10,88,สอบ jlpt ระดับ,39
2026-07-10,89,ข้อสอบ ภาษา ญี่ปุ่น แปล ว่า,39
2026-07-10,90,เรียนภาษาญี่ปุ่น ออนไลน์,38
2026-07-10,91,สอนภาษาญี่ปุ่น n4,38
2026-07-10,92,สอบ jlpt ยาก ไหม,38
2026-07-10,93,สอบ jlpt n2,38
2026-07-10,94,ข้อสอบ ภาษา ญี่ปุ่น เขียน ยัง ไง,38
2026-07-10,95,เรียน ภาษา ญี่ปุ่น japan foundation,37
2026-07-10,96,ไวยากรณ์ ภาษา ญี่ปุ่น ชั้น ต้น,37
2026-07-10,97,เรียน ญี่ปุ่น ที่ไหน,37
2026-07-10,98,สอบ jlpt n3,37
2026-07-10,99,สอบ jlpt ครั้ง แรก,37
2026-07-10,100,เรียน ภาษา ญี่ปุ่น a level,36
2026-07-11,1,ข้อสอบภาษาญี่ปุ่น n4,292
2026-07-11,2,คําศัพท์ภาษาญี่ปุ่น nc,291
2026-07-11,3,สนทนาภาษาญี่ปุ่นพื้นฐาน,284
2026-07-11,4,สนทนาภาษาญี่ปุ่น เบื้องต้น,266
2026-07-11,5,ไวยากรณ์ภาษาญี่ปุ่น n1,251
2026-07-11,6,ข้อสอบ ภาษา ญี่ปุ่น คือ,248
2026-07-11,7,ข้อสอบภาษาญี่ปุ่น n5,246
2026-07-11,8,ข้อสอบ ภาษา ญี่ปุ่น pdf,206
2026-07-11,9,ไวยากรณ์ ภาษา ญี่ปุ่น pantip,196
2026-07-11,10,คําศัพท์ภาษาญี่ปุ่นง่ายๆ,192
2026-07-11,11,คําศัพท์ภาษาญี่ปุ่น n5,191
2026-07-11,12,เรียน ภาษา ญี่ปุ่น ด้วย ตัว เอง รีวิว,190
2026-07-11,13,ภาษา ญี่ปุ่น เบื้องต้น สนทนา,185
2026-07-11,14,คําศัพท์ภาษาญี่ปุ่นเบื้องต้น,172
2026-07-11,15,สนทนาภาษาญี่ปุ่น n4,166
2026-07-11,16,ภาษาญี่ปุ่น เบื้องต้น,163
2026-07-11,17,คอร์ส ภาษา ญี่ปุ่น ราคา,161
2026-07-11,18,คําศัพท์ภาษาญี่ปุ่น n1,156
2026-07-11,19,ภาษา ญี่ปุ่น เบื้องต้น pdf,155
2026-07-11,20,คอร์ส ภาษา ญี่ปุ่น พื้นฐาน,152
2026-07-11,21,ไวยากรณ์ภาษาญี่ปุ่น n4,142
2026-07-11,22,ไวยากรณ์ ภาษา ญี่ปุ่น พื้นฐาน,137
2026-07-11,23,ไวยากรณ์ ภาษา ญี่ปุ่น คือ,137
2026-07-11,24,คอร์ส ภาษา ญี่ปุ่น ฟรี,129
2026-07-11,25,คอร์ส ภาษา ญี่ปุ่น ออนไลน์,128
2026-07-11,26,ไวยากรณ์ ภาษา ญี่ปุ่น ทั้งหมด,124
2026-07-11,27,ไวยากรณ์ ภาษา ญี่ปุ่น เรียก ว่า,123
2026-07-11,28,ไวยากรณ์ ภาษา ญี่ปุ่น pdf,119
2026-07-11,29,สนทนา ภาษา ญี่ปุ่น,114
2026-07-11,30,ข้อสอบ ภาษา ญี่ปุ่น พื้นฐาน,110
2026-07-11,31,เรียนภาษาญี่ปุ่นด้วยตัวเอง,106
2026-07-11,32,ภาษา ญี่ปุ่น เบื้องต้น n5,96
2026-07-11,33,ข้อสอบภาษาญี่ปุ่น,93
2026-07-11,34,คอร์ส เรียน ภาษา ญี่ปุ่น พื้นฐาน,90
2026-07-11,35,สอนภาษาญี่ปุ่นง่ายๆ,89
2026-07-11,36,ภาษาญี่ปุ่นเบื้องต้น พยัญชนะ,89
2026-07-11,37,สนทนาภาษาญี่ปุ่นเบื้องต้น,88
2026-07-11,38,สอนภาษาญี่ปุ่นฟรี,87
2026-07-11,39,คําศัพท์ภาษาญี่ปุ่น n4,84
2026-07-11,40,สอบ jlpt ผ่าน,81
2026-07-11,41,สนทนา ภาษา ญี่ปุ่น พื้นฐาน,80
2026-07-11,42,ข้อสอบ ภาษา ญี่ปุ่น ง่ายๆ,79
2026-07-11,43,ไวยากรณ์ภาษาญี่ปุ่น n5,76
2026-07-11,44,คําศัพท์ภาษาญี่ปุ่น n3,76
2026-07-11,45,ข้อสอบ ภาษา ญี่ปุ่น เบื้องต้น,76
2026-07-11,46,ภาษา ญี่ปุ่น เบื้องต้น ฟรี,76
2026-07-11,47,คอร์ส ภาษา ญี่ปุ่น เบื้องต้น,74
2026-07-11,48,เรียน ภาษา ญี่ปุ่น ด้วย ตัว เอง pantip,71
2026-07-11,49,คอร์ส เรียน ภาษา ญี่ปุ่น พูด,71
2026-07-11,50,สอนภาษาญี่ปุ่นพื้นฐาน,70
2026-07-11,51,ไวยากรณ์ ภาษา ญี่ปุ่น เบื้องต้น,69
2026-07-11,52,คอร์ส เรียน ภาษา ญี่ปุ่น รีวิว,69
2026-07-11,53,เรียน ภาษา ญี่ปุ่น ด้วย ตัว เอง ฟรี,68
2026-07-11,54,คอร์ส ออนไลน์ สนทนา ภาษา ญี่ปุ่น พูด ได้ ใช้ คล่อง,67
2026-07-11,55,ไวยากรณ์ภาษาญี่ปุ่นเบื้องต้น,66
2026-07-11,56,สอบ jlpt pantip,62
2026-07-11,57,ไวยากรณ์ภาษาญี่ปุ่น n2,58
2026-07-11,58,คอร์ส ภาษา ญี่ปุ่น ธุรกิจ,57
2026-07-11,59,ภาษาญี่ปุ่นเบื้องต้น บทที่ 1,54
2026-07-11,60,สอบ jlpt n5,53
2026-07-11,61,เรียนภาษาญี่ปุ่น เด็ก,51
2026-07-11,62,คอร์ส ภาษา ญี่ปุ่น มหิดล,50
2026-07-11,63,ภาษา ญี่ปุ่น เบื้องต้น หนังสือ,50
2026-07-11,64,สอบ jlpt ไม่ ผ่าน,50
2026-07-11,65,คําศัพท์ภาษาญี่ปุ่น n2,48
2026-07-11,66,สอบ jlpt ออนไลน์,48
2026-07-11,67,เรียน ภาษา ญี่ปุ่น by click japanese,47
2026-07-11,68,สอบ jlpt n1,46
2026-07-11,69,ข้อสอบ ภาษา ญี่ปุ่น a level,46
2026-07-11,70,ข้อสอบ ภาษา ญี่ปุ่น พร้อม เฉลย,46
2026-07-11,71,คอร์ส เรียน ภาษา ญี่ปุ่น ราคา,45
2026-07-11,72,สอบ jlpt ยัง ไง,45
2026-07-11,73,เรียน ภาษา ญี่ปุ่น future skill,44
2026-07-11,74,คอร์ส เรียน ภาษา ญี่ปุ่น pantip,44
2026-07-11,75,ไวยากรณ์ ภาษา ญี่ปุ่น เบื้องต้น ฉบับ สมบูรณ์ pdf,43
2026-07-11,76,สอบ jlpt ครั้ง ที่ 1,43
2026-07-11,77,ไวยากรณ์ภาษาญี่ปุ่น n3,41
2026-07-11,78,คอร์ส ภาษา ญี่ปุ่น ออนไลน์ ฟรี,41
2026-07-11,79,ภาษา ญี่ปุ่น เบื้องต้น สวัสดี,41
2026-07-11,80,เรียน ภาษา ญี่ปุ่น ด้วย ตัว เอง n1,41
2026-07-11,81,สอบ jlpt ที่ไหน,41
2026-07-11,82,คอร์ส เรียน ภาษา ญี่ปุ่น a level,40
2026-07-11,83,สนทนา ภาษา ญี่ปุ่น ใน ชีวิต ประ จํา วัน,40
2026-07-11,84,เรียน ภาษา ญี่ปุ่น by click japanese รีวิว,39
2026-07-11,85,เรียน ภาษา ญี่ปุ่น i love japan,39
2026-07-11,86,สอนภาษาญี่ปุ่น สนทนา,39
2026-07-11,87,สอบ jlpt คือ,39
2026-07-11,88,สอบ jlpt ระดับ,39
2026-07-11,89,ข้อสอบ ภาษา ญี่ปุ่น แปล ว่า,39
2026-07-11,90,เรียนภาษาญี่ปุ่น ออนไลน์,38
2026-07-11,91,สอนภาษาญี่ปุ่น n4,38
2026-07-11,92,สอบ jlpt ยาก ไหม,38
2026-07-11,93,สอบ jlpt n2,38
2026-07-11,94,ข้อสอบ ภาษา ญี่ปุ่น เขียน ยัง ไง,38
2026-07-11,95,เรียน ภาษา ญี่ปุ่น japan foundation,37
2026-07-11,96,ไวยากรณ์ ภาษา ญี่ปุ่น ชั้น ต้น,37
2026-07-11,97,เรียน ญี่ปุ่น ที่ไหน,37
2026-07-11,98,สอบ jlpt n3,37
2026-07-11,99,สอบ jlpt ครั้ง แรก,37
2026-07-11,100,เรียน ภาษา ญี่ปุ่น a level,36
2026-07-12,1,คําศัพท์ภาษาญี่ปุ่น nc,291
2026-07-12,2,ข้อสอบภาษาญี่ปุ่น n4,290
2026-07-12,3,สนทนาภาษาญี่ปุ่นพื้นฐาน,282
2026-07-12,4,สนทนาภาษาญี่ปุ่น เบื้องต้น,264
2026-07-12,5,ไวยากรณ์ภาษาญี่ปุ่น n1,251
2026-07-12,6,ข้อสอบ ภาษา ญี่ปุ่น คือ,248
2026-07-12,7,ข้อสอบภาษาญี่ปุ่น n5,244
2026-07-12,8,ข้อสอบ ภาษา ญี่ปุ่น pdf,204
2026-07-12,9,ไวยากรณ์ ภาษา ญี่ปุ่น pantip,196
2026-07-12,10,คําศัพท์ภาษาญี่ปุ่น n5,191
2026-07-12,11,เรียน ภาษา ญี่ปุ่น ด้วย ตัว เอง รีวิว,190
2026-07-12,12,ภาษา ญี่ปุ่น เบื้องต้น สนทนา,185
2026-07-12,13,คําศัพท์ภาษาญี่ปุ่นง่ายๆ,184
2026-07-12,14,คําศัพท์ภาษาญี่ปุ่นเบื้องต้น,177
2026-07-12,15,สนทนาภาษาญี่ปุ่น n4,166
2026-07-12,16,ภาษาญี่ปุ่น เบื้องต้น,163
2026-07-12,17,คอร์ส ภาษา ญี่ปุ่น ราคา,160
2026-07-12,18,คําศัพท์ภาษาญี่ปุ่น n1,156
2026-07-12,19,ภาษา ญี่ปุ่น เบื้องต้น pdf,155
2026-07-12,20,คอร์ส ภาษา ญี่ปุ่น พื้นฐาน,152
2026-07-12,21,ไวยากรณ์ภาษาญี่ปุ่น n4,142
2026-07-12,22,ไวยากรณ์ ภาษา ญี่ปุ่น พื้นฐาน,137
2026-07-12,23,ไวยากรณ์ ภาษา ญี่ปุ่น คือ,137
2026-07-12,24,คอร์ส ภาษา ญี่ปุ่น ฟรี,129
2026-07-12,25,คอร์ส ภาษา ญี่ปุ่น ออนไลน์,128
2026-07-12,26,ไวยากรณ์ ภาษา ญี่ปุ่น ทั้งหมด,124
2026-07-12,27,ไวยากรณ์ ภาษา ญี่ปุ่น เรียก ว่า,123
2026-07-12,28,ไวยากรณ์ ภาษา ญี่ปุ่น pdf,119
2026-07-12,29,สนทนา ภาษา ญี่ปุ่น,112
2026-07-12,30,ข้อสอบ ภาษา ญี่ปุ่น พื้นฐาน,110
2026-07-12,31,เรียนภาษาญี่ปุ่นด้วยตัวเอง,107
2026-07-12,32,ภาษา ญี่ปุ่น เบื้องต้น n5,96
2026-07-12,33,ข้อสอบภาษาญี่ปุ่น,92
2026-07-12,34,คอร์ส เรียน ภาษา ญี่ปุ่น พื้นฐาน,90
2026-07-12,35,สอนภาษาญี่ปุ่นง่ายๆ,89
2026-07-12,36,ภาษาญี่ปุ่นเบื้องต้น พยัญชนะ,89
2026-07-12,37,สนทนาภาษาญี่ปุ่นเบื้องต้น,88
2026-07-12,38,สอนภาษาญี่ปุ่นฟรี,87
2026-07-12,39,คําศัพท์ภาษาญี่ปุ่น n4,84
2026-07-12,40,สอบ jlpt ผ่าน,81
2026-07-12,41,สนทนา ภาษา ญี่ปุ่น พื้นฐาน,80
2026-07-12,42,ข้อสอบ ภาษา ญี่ปุ่น ง่ายๆ,79
2026-07-12,43,ไวยากรณ์ภาษาญี่ปุ่น n5,76
2026-07-12,44,ข้อสอบ ภาษา ญี่ปุ่น เบื้องต้น,76
2026-07-12,45,ภาษา ญี่ปุ่น เบื้องต้น ฟรี,76
2026-07-12,46,คําศัพท์ภาษาญี่ปุ่น n3,75
2026-07-12,47,คอร์ส ภาษา ญี่ปุ่น เบื้องต้น,74
2026-07-12,48,เรียน ภาษา ญี่ปุ่น ด้วย ตัว เอง pantip,71
2026-07-12,49,สอนภาษาญี่ปุ่นพื้นฐาน,70
2026-07-12,50,คอร์ส เรียน ภาษา ญี่ปุ่น พูด,70
2026-07-12,51,ไวยากรณ์ ภาษา ญี่ปุ่น เบื้องต้น,69
2026-07-12,52,เรียน ภาษา ญี่ปุ่น ด้วย ตัว เอง ฟรี,68
2026-07-12,53,คอร์ส เรียน ภาษา ญี่ปุ่น รีวิว,68
2026-07-12,54,ไวยากรณ์ภาษาญี่ปุ่นเบื้องต้น,66
2026-07-12,55,คอร์ส ออนไลน์ สนทนา ภาษา ญี่ปุ่น พูด ได้ ใช้ คล่อง,66
2026-07-12,56,สอบ jlpt pantip,62
2026-07-12,57,ไวยากรณ์ภาษาญี่ปุ่น n2,58
2026-07-12,58,คอร์ส ภาษา ญี่ปุ่น ธุรกิจ,57
2026-07-12,59,ภาษาญี่ปุ่นเบื้องต้น บทที่ 1,54
2026-07-12,60,สอบ jlpt n5,53
2026-07-12,61,เรียนภาษาญี่ปุ่น เด็ก,51
2026-07-12,62,คอร์ส ภาษา ญี่ปุ่น มหิดล,50
2026-07-12,63,ภาษา ญี่ปุ่น เบื้องต้น หนังสือ,50
2026-07-12,64,สอบ jlpt ไม่ ผ่าน,50
2026-07-12,65,คําศัพท์ภาษาญี่ปุ่น n2,48
2026-07-12,66,สอบ jlpt ออนไลน์,48
2026-07-12,67,เรียน ภาษา ญี่ปุ่น by click japanese,47
2026-07-12,68,สอบ jlpt n1,46
2026-07-12,69,ข้อสอบ ภาษา ญี่ปุ่น a level,46
2026-07-12,70,ข้อสอบ ภาษา ญี่ปุ่น พร้อม เฉลย,46
2026-07-12,71,คอร์ส เรียน ภาษา ญี่ปุ่น ราคา,45
2026-07-12,72,สอบ jlpt ยัง ไง,45
2026-07-12,73,เรียน ภาษา ญี่ปุ่น future skill,44
2026-07-12,74,คอร์ส เรียน ภาษา ญี่ปุ่น pantip,44
2026-07-12,75,ไวยากรณ์ ภาษา ญี่ปุ่น เบื้องต้น ฉบับ สมบูรณ์ pdf,43
2026-07-12,76,สอบ jlpt ครั้ง ที่ 1,43
2026-07-12,77,ไวยากรณ์ภาษาญี่ปุ่น n3,41
2026-07-12,78,คอร์ส ภาษา ญี่ปุ่น ออนไลน์ ฟรี,41
2026-07-12,79,ภาษา ญี่ปุ่น เบื้องต้น สวัสดี,41
2026-07-12,80,เรียน ภาษา ญี่ปุ่น ด้วย ตัว เอง n1,41
2026-07-12,81,สอบ jlpt ที่ไหน,41
2026-07-12,82,คอร์ส เรียน ภาษา ญี่ปุ่น a level,40
2026-07-12,83,สนทนา ภาษา ญี่ปุ่น ใน ชีวิต ประ จํา วัน,40
2026-07-12,84,เรียนภาษาญี่ปุ่น ออนไลน์,39
2026-07-12,85,เรียน ภาษา ญี่ปุ่น by click japanese รีวิว,39
2026-07-12,86,เรียน ภาษา ญี่ปุ่น i love japan,39
2026-07-12,87,สอนภาษาญี่ปุ่น สนทนา,39
2026-07-12,88,สอบ jlpt คือ,39
2026-07-12,89,สอบ jlpt ระดับ,39
2026-07-12,90,ข้อสอบ ภาษา ญี่ปุ่น แปล ว่า,39
2026-07-12,91,สอนภาษาญี่ปุ่น n4,38
2026-07-12,92,สอบ jlpt ยาก ไหม,38
2026-07-12,93,สอบ jlpt n2,38
2026-07-12,94,ข้อสอบ ภาษา ญี่ปุ่น เขียน ยัง ไง,38
2026-07-12,95,เรียน ภาษา ญี่ปุ่น japan foundation,37
2026-07-12,96,ไวยากรณ์ ภาษา ญี่ปุ่น ชั้น ต้น,37
2026-07-12,97,เรียน ญี่ปุ่น ที่ไหน,37
2026-07-12,98,สอบ jlpt n3,37
2026-07-12,99,สอบ jlpt ครั้ง แรก,37
2026-07-12,100,เรียน ภาษา ญี่ปุ่น a level,36
2026-07-13,1,คําศัพท์ภาษาญี่ปุ่น nc,291
2026-07-13,2,ข้อสอบภาษาญี่ปุ่น n4,290
2026-07-13,3,สนทนาภาษาญี่ปุ่นพื้นฐาน,284
2026-07-13,4,สนทนาภาษาญี่ปุ่น เบื้องต้น,266
2026-07-13,5,ไวยากรณ์ภาษาญี่ปุ่น n1,251
2026-07-13,6,ข้อสอบ ภาษา ญี่ปุ่น คือ,248
2026-07-13,7,ข้อสอบภาษาญี่ปุ่น n5,244
2026-07-13,8,ข้อสอบ ภาษา ญี่ปุ่น pdf,204
2026-07-13,9,ไวยากรณ์ ภาษา ญี่ปุ่น pantip,196
2026-07-13,10,คําศัพท์ภาษาญี่ปุ่นง่ายๆ,192
2026-07-13,11,คําศัพท์ภาษาญี่ปุ่น n5,191
2026-07-13,12,เรียน ภาษา ญี่ปุ่น ด้วย ตัว เอง รีวิว,190
2026-07-13,13,ภาษา ญี่ปุ่น เบื้องต้น สนทนา,185
2026-07-13,14,คําศัพท์ภาษาญี่ปุ่นเบื้องต้น,172
2026-07-13,15,สนทนาภาษาญี่ปุ่น n4,166
2026-07-13,16,ภาษาญี่ปุ่น เบื้องต้น,163
2026-07-13,17,คอร์ส ภาษา ญี่ปุ่น ราคา,160
2026-07-13,18,คําศัพท์ภาษาญี่ปุ่น n1,156
2026-07-13,19,ภาษา ญี่ปุ่น เบื้องต้น pdf,155
2026-07-13,20,คอร์ส ภาษา ญี่ปุ่น พื้นฐาน,152
2026-07-13,21,ไวยากรณ์ภาษาญี่ปุ่น n4,142
2026-07-13,22,ไวยากรณ์ ภาษา ญี่ปุ่น พื้นฐาน,137
2026-07-13,23,ไวยากรณ์ ภาษา ญี่ปุ่น คือ,137
2026-07-13,24,คอร์ส ภาษา ญี่ปุ่น ฟรี,129
2026-07-13,25,คอร์ส ภาษา ญี่ปุ่น ออนไลน์,128
2026-07-13,26,ไวยากรณ์ ภาษา ญี่ปุ่น ทั้งหมด,124
2026-07-13,27,ไวยากรณ์ ภาษา ญี่ปุ่น เรียก ว่า,123
2026-07-13,28,ไวยากรณ์ ภาษา ญี่ปุ่น pdf,119
2026-07-13,29,สนทนา ภาษา ญี่ปุ่น,114
2026-07-13,30,ข้อสอบ ภาษา ญี่ปุ่น พื้นฐาน,110
2026-07-13,31,เรียนภาษาญี่ปุ่นด้วยตัวเอง,107
2026-07-13,32,ภาษา ญี่ปุ่น เบื้องต้น n5,96
2026-07-13,33,ข้อสอบภาษาญี่ปุ่น,92
2026-07-13,34,คอร์ส เรียน ภาษา ญี่ปุ่น พื้นฐาน,90
2026-07-13,35,สอนภาษาญี่ปุ่นง่ายๆ,89
2026-07-13,36,ภาษาญี่ปุ่นเบื้องต้น พยัญชนะ,89
2026-07-13,37,สนทนาภาษาญี่ปุ่นเบื้องต้น,88
2026-07-13,38,สอนภาษาญี่ปุ่นฟรี,87
2026-07-13,39,คําศัพท์ภาษาญี่ปุ่น n4,84
2026-07-13,40,สอบ jlpt ผ่าน,81
2026-07-13,41,สนทนา ภาษา ญี่ปุ่น พื้นฐาน,80
2026-07-13,42,ข้อสอบ ภาษา ญี่ปุ่น ง่ายๆ,79
2026-07-13,43,ไวยากรณ์ภาษาญี่ปุ่น n5,76
2026-07-13,44,คําศัพท์ภาษาญี่ปุ่น n3,76
2026-07-13,45,ข้อสอบ ภาษา ญี่ปุ่น เบื้องต้น,76
2026-07-13,46,ภาษา ญี่ปุ่น เบื้องต้น ฟรี,76
2026-07-13,47,คอร์ส ภาษา ญี่ปุ่น เบื้องต้น,74
2026-07-13,48,เรียน ภาษา ญี่ปุ่น ด้วย ตัว เอง pantip,71
2026-07-13,49,สอนภาษาญี่ปุ่นพื้นฐาน,70
2026-07-13,50,คอร์ส เรียน ภาษา ญี่ปุ่น พูด,70
2026-07-13,51,ไวยากรณ์ ภาษา ญี่ปุ่น เบื้องต้น,69
2026-07-13,52,เรียน ภาษา ญี่ปุ่น ด้วย ตัว เอง ฟรี,68
2026-07-13,53,คอร์ส เรียน ภาษา ญี่ปุ่น รีวิว,68
2026-07-13,54,ไวยากรณ์ภาษาญี่ปุ่นเบื้องต้น,66
2026-07-13,55,คอร์ส ออนไลน์ สนทนา ภาษา ญี่ปุ่น พูด ได้ ใช้ คล่อง,66
2026-07-13,56,สอบ jlpt pantip,62
2026-07-13,57,ไวยากรณ์ภาษาญี่ปุ่น n2,58
2026-07-13,58,คอร์ส ภาษา ญี่ปุ่น ธุรกิจ,57
2026-07-13,59,ภาษาญี่ปุ่นเบื้องต้น บทที่ 1,54
2026-07-13,60,สอบ jlpt n5,53
2026-07-13,61,เรียนภาษาญี่ปุ่น เด็ก,51
2026-07-13,62,คอร์ส ภาษา ญี่ปุ่น มหิดล,50
2026-07-13,63,ภาษา ญี่ปุ่น เบื้องต้น หนังสือ,50
2026-07-13,64,สอบ jlpt ไม่ ผ่าน,50
2026-07-13,65,คําศัพท์ภาษาญี่ปุ่น n2,48
2026-07-13,66,สอบ jlpt ออนไลน์,48
2026-07-13,67,เรียน ภาษา ญี่ปุ่น by click japanese,47
2026-07-13,68,สอบ jlpt n1,46
2026-07-13,69,ข้อสอบ ภาษา ญี่ปุ่น a level,46
2026-07-13,70,ข้อสอบ ภาษา ญี่ปุ่น พร้อม เฉลย,46
2026-07-13,71,คอร์ส เรียน ภาษา ญี่ปุ่น ราคา,45
2026-07-13,72,สอบ jlpt ยัง ไง,45
2026-07-13,73,เรียน ภาษา ญี่ปุ่น future skill,44
2026-07-13,74,คอร์ส เรียน ภาษา ญี่ปุ่น pantip,44
2026-07-13,75,ไวยากรณ์ ภาษา ญี่ปุ่น เบื้องต้น ฉบับ สมบูรณ์ pdf,43
2026-07-13,76,สอบ jlpt ครั้ง ที่ 1,43
2026-07-13,77,ไวยากรณ์ภาษาญี่ปุ่น n3,41
2026-07-13,78,คอร์ส ภาษา ญี่ปุ่น ออนไลน์ ฟรี,41
2026-07-13,79,ภาษา ญี่ปุ่น เบื้องต้น สวัสดี,41
2026-07-13,80,เรียน ภาษา ญี่ปุ่น ด้วย ตัว เอง n1,41
2026-07-13,81,สอบ jlpt ที่ไหน,41
2026-07-13,82,คอร์ส เรียน ภาษา ญี่ปุ่น a level,40
2026-07-13,83,สนทนา ภาษา ญี่ปุ่น ใน ชีวิต ประ จํา วัน,40
2026-07-13,84,เรียนภาษาญี่ปุ่น ออนไลน์,39
2026-07-13,85,เรียน ภาษา ญี่ปุ่น by click japanese รีวิว,39
2026-07-13,86,เรียน ภาษา ญี่ปุ่น i love japan,39
2026-07-13,87,สอนภาษาญี่ปุ่น สนทนา,39
2026-07-13,88,สอบ jlpt คือ,39
2026-07-13,89,สอบ jlpt ระดับ,39
2026-07-13,90,ข้อสอบ ภาษา ญี่ปุ่น แปล ว่า,39
2026-07-13,91,สอนภาษาญี่ปุ่น n4,38
2026-07-13,92,สอบ jlpt ยาก ไหม,38
2026-07-13,93,สอบ jlpt n2,38
2026-07-13,94,ข้อสอบ ภาษา ญี่ปุ่น เขียน ยัง ไง,38
2026-07-13,95,เรียน ภาษา ญี่ปุ่น japan foundation,37
2026-07-13,96,ไวยากรณ์ ภาษา ญี่ปุ่น ชั้น ต้น,37
2026-07-13,97,เรียน ญี่ปุ่น ที่ไหน,37
2026-07-13,98,สอบ jlpt n3,37
2026-07-13,99,สอบ jlpt ครั้ง แรก,37
2026-07-13,100,เรียน ภาษา ญี่ปุ่น a level,36
2026-07-14,1,คําศัพท์ภาษาญี่ปุ่น nc,291
2026-07-14,2,ข้อสอบภาษาญี่ปุ่น n4,290
2026-07-14,3,สนทนาภาษาญี่ปุ่นพื้นฐาน,284
2026-07-14,4,สนทนาภาษาญี่ปุ่น เบื้องต้น,266
2026-07-14,5,ไวยากรณ์ภาษาญี่ปุ่น n1,251
2026-07-14,6,ข้อสอบ ภาษา ญี่ปุ่น คือ,248
2026-07-14,7,ข้อสอบภาษาญี่ปุ่น n5,244
2026-07-14,8,ข้อสอบ ภาษา ญี่ปุ่น pdf,204
2026-07-14,9,ไวยากรณ์ ภาษา ญี่ปุ่น pantip,196
2026-07-14,10,คําศัพท์ภาษาญี่ปุ่นง่ายๆ,192
2026-07-14,11,คําศัพท์ภาษาญี่ปุ่น n5,191
2026-07-14,12,เรียน ภาษา ญี่ปุ่น ด้วย ตัว เอง รีวิว,190
2026-07-14,13,ภาษา ญี่ปุ่น เบื้องต้น สนทนา,185
2026-07-14,14,คําศัพท์ภาษาญี่ปุ่นเบื้องต้น,172
2026-07-14,15,สนทนาภาษาญี่ปุ่น n4,166
2026-07-14,16,ภาษาญี่ปุ่น เบื้องต้น,163
2026-07-14,17,คอร์ส ภาษา ญี่ปุ่น ราคา,160
2026-07-14,18,คําศัพท์ภาษาญี่ปุ่น n1,156
2026-07-14,19,ภาษา ญี่ปุ่น เบื้องต้น pdf,155
2026-07-14,20,คอร์ส ภาษา ญี่ปุ่น พื้นฐาน,152
2026-07-14,21,ไวยากรณ์ภาษาญี่ปุ่น n4,142
2026-07-14,22,ไวยากรณ์ ภาษา ญี่ปุ่น พื้นฐาน,137
2026-07-14,23,ไวยากรณ์ ภาษา ญี่ปุ่น คือ,137
2026-07-14,24,คอร์ส ภาษา ญี่ปุ่น ฟรี,129
2026-07-14,25,คอร์ส ภาษา ญี่ปุ่น ออนไลน์,128
2026-07-14,26,ไวยากรณ์ ภาษา ญี่ปุ่น ทั้งหมด,124
2026-07-14,27,ไวยากรณ์ ภาษา ญี่ปุ่น เรียก ว่า,123
2026-07-14,28,ไวยากรณ์ ภาษา ญี่ปุ่น pdf,119
2026-07-14,29,สนทนา ภาษา ญี่ปุ่น,114
2026-07-14,30,ข้อสอบ ภาษา ญี่ปุ่น พื้นฐาน,110
2026-07-14,31,เรียนภาษาญี่ปุ่นด้วยตัวเอง,106
2026-07-14,32,ภาษา ญี่ปุ่น เบื้องต้น n5,96
2026-07-14,33,ข้อสอบภาษาญี่ปุ่น,92
2026-07-14,34,คอร์ส เรียน ภาษา ญี่ปุ่น พื้นฐาน,90
2026-07-14,35,สอนภาษาญี่ปุ่นง่ายๆ,89
2026-07-14,36,ภาษาญี่ปุ่นเบื้องต้น พยัญชนะ,89
2026-07-14,37,สนทนาภาษาญี่ปุ่นเบื้องต้น,88
2026-07-14,38,สอนภาษาญี่ปุ่นฟรี,87
2026-07-14,39,คําศัพท์ภาษาญี่ปุ่น n4,84
2026-07-14,40,สอบ jlpt ผ่าน,84
2026-07-14,41,สนทนา ภาษา ญี่ปุ่น พื้นฐาน,80
2026-07-14,42,ข้อสอบ ภาษา ญี่ปุ่น ง่ายๆ,79
2026-07-14,43,ไวยากรณ์ภาษาญี่ปุ่น n5,76
2026-07-14,44,คําศัพท์ภาษาญี่ปุ่น n3,76
2026-07-14,45,ข้อสอบ ภาษา ญี่ปุ่น เบื้องต้น,76
2026-07-14,46,ภาษา ญี่ปุ่น เบื้องต้น ฟรี,76
2026-07-14,47,คอร์ส ภาษา ญี่ปุ่น เบื้องต้น,74
2026-07-14,48,เรียน ภาษา ญี่ปุ่น ด้วย ตัว เอง pantip,71
2026-07-14,49,สอนภาษาญี่ปุ่นพื้นฐาน,70
2026-07-14,50,คอร์ส เรียน ภาษา ญี่ปุ่น พูด,70
2026-07-14,51,ไวยากรณ์ ภาษา ญี่ปุ่น เบื้องต้น,69
2026-07-14,52,เรียน ภาษา ญี่ปุ่น ด้วย ตัว เอง ฟรี,68
2026-07-14,53,คอร์ส เรียน ภาษา ญี่ปุ่น รีวิว,68
2026-07-14,54,สอบ jlpt pantip,68
2026-07-14,55,ไวยากรณ์ภาษาญี่ปุ่นเบื้องต้น,66
2026-07-14,56,คอร์ส ออนไลน์ สนทนา ภาษา ญี่ปุ่น พูด ได้ ใช้ คล่อง,66
2026-07-14,57,ไวยากรณ์ภาษาญี่ปุ่น n2,58
2026-07-14,58,คอร์ส ภาษา ญี่ปุ่น ธุรกิจ,57
2026-07-14,59,ภาษาญี่ปุ่นเบื้องต้น บทที่ 1,54
2026-07-14,60,สอบ jlpt n5,53
2026-07-14,61,เรียนภาษาญี่ปุ่น เด็ก,51
2026-07-14,62,คอร์ส ภาษา ญี่ปุ่น มหิดล,50
2026-07-14,63,ภาษา ญี่ปุ่น เบื้องต้น หนังสือ,50
2026-07-14,64,สอบ jlpt ไม่ ผ่าน,50
2026-07-14,65,คําศัพท์ภาษาญี่ปุ่น n2,48
2026-07-14,66,สอบ jlpt ออนไลน์,48
2026-07-14,67,เรียน ภาษา ญี่ปุ่น by click japanese,47
2026-07-14,68,สอบ jlpt n1,46
2026-07-14,69,ข้อสอบ ภาษา ญี่ปุ่น a level,46
2026-07-14,70,ข้อสอบ ภาษา ญี่ปุ่น พร้อม เฉลย,46
2026-07-14,71,คอร์ส เรียน ภาษา ญี่ปุ่น ราคา,45
2026-07-14,72,สอบ jlpt ยัง ไง,45
2026-07-14,73,เรียน ภาษา ญี่ปุ่น future skill,44
2026-07-14,74,คอร์ส เรียน ภาษา ญี่ปุ่น pantip,44
2026-07-14,75,ไวยากรณ์ ภาษา ญี่ปุ่น เบื้องต้น ฉบับ สมบูรณ์ pdf,43
2026-07-14,76,สอบ jlpt ครั้ง ที่ 1,43
2026-07-14,77,สอบ jlpt n2,42
2026-07-14,78,ไวยากรณ์ภาษาญี่ปุ่น n3,41
2026-07-14,79,คอร์ส ภาษา ญี่ปุ่น ออนไลน์ ฟรี,41
2026-07-14,80,ภาษา ญี่ปุ่น เบื้องต้น สวัสดี,41
2026-07-14,81,เรียน ภาษา ญี่ปุ่น ด้วย ตัว เอง n1,41
2026-07-14,82,สอบ jlpt ที่ไหน,41
2026-07-14,83,คอร์ส เรียน ภาษา ญี่ปุ่น a level,40
2026-07-14,84,สนทนา ภาษา ญี่ปุ่น ใน ชีวิต ประ จํา วัน,40
2026-07-14,85,เรียน ภาษา ญี่ปุ่น by click japanese รีวิว,39
2026-07-14,86,เรียน ภาษา ญี่ปุ่น i love japan,39
2026-07-14,87,สอนภาษาญี่ปุ่น สนทนา,39
2026-07-14,88,สอบ jlpt คือ,39
2026-07-14,89,สอบ jlpt ระดับ,39
2026-07-14,90,ข้อสอบ ภาษา ญี่ปุ่น แปล ว่า,39
2026-07-14,91,เรียนภาษาญี่ปุ่น ออนไลน์,38
2026-07-14,92,สอนภาษาญี่ปุ่น n4,38
2026-07-14,93,สอบ jlpt ยาก ไหม,38
2026-07-14,94,ข้อสอบ ภาษา ญี่ปุ่น เขียน ยัง ไง,38
2026-07-14,95,เรียน ภาษา ญี่ปุ่น japan foundation,37
2026-07-14,96,ไวยากรณ์ ภาษา ญี่ปุ่น ชั้น ต้น,37
2026-07-14,97,เรียน ญี่ปุ่น ที่ไหน,37
2026-07-14,98,สอบ jlpt n3,37
2026-07-14,99,สอบ jlpt ครั้ง แรก,37
2026-07-14,100,เรียน ภาษา ญี่ปุ่น a level,36
2026-07-15,1,ข้อสอบภาษาญี่ปุ่น n4,293
2026-07-15,2,คําศัพท์ภาษาญี่ปุ่น nc,291
2026-07-15,3,สนทนาภาษาญี่ปุ่นพื้นฐาน,284
2026-07-15,4,สนทนาภาษาญี่ปุ่น เบื้องต้น,267
2026-07-15,5,ไวยากรณ์ภาษาญี่ปุ่น n1,251
2026-07-15,6,ข้อสอบ ภาษา ญี่ปุ่น คือ,249
2026-07-15,7,ข้อสอบภาษาญี่ปุ่น n5,248
2026-07-15,8,ข้อสอบ ภาษา ญี่ปุ่น pdf,206
2026-07-15,9,ไวยากรณ์ ภาษา ญี่ปุ่น pantip,196
2026-07-15,10,คําศัพท์ภาษาญี่ปุ่น n5,191
2026-07-15,11,คําศัพท์ภาษาญี่ปุ่นง่ายๆ,191
2026-07-15,12,เรียน ภาษา ญี่ปุ่น ด้วย ตัว เอง รีวิว,189
2026-07-15,13,ภาษา ญี่ปุ่น เบื้องต้น สนทนา,188
2026-07-15,14,คําศัพท์ภาษาญี่ปุ่นเบื้องต้น,170
2026-07-15,15,ภาษาญี่ปุ่น เบื้องต้น,167
2026-07-15,16,สนทนาภาษาญี่ปุ่น n4,166
2026-07-15,17,คอร์ส ภาษา ญี่ปุ่น ราคา,164
2026-07-15,18,คอร์ส ภาษา ญี่ปุ่น พื้นฐาน,162
2026-07-15,19,ไวยากรณ์ภาษาญี่ปุ่น n4,159
2026-07-15,20,ภาษา ญี่ปุ่น เบื้องต้น pdf,157
2026-07-15,21,คําศัพท์ภาษาญี่ปุ่น n1,154
2026-07-15,22,ไวยากรณ์ ภาษา ญี่ปุ่น คือ,137
2026-07-15,23,คอร์ส ภาษา ญี่ปุ่น ฟรี,136
2026-07-15,24,คอร์ส ภาษา ญี่ปุ่น ออนไลน์,136
2026-07-15,25,ไวยากรณ์ ภาษา ญี่ปุ่น พื้นฐาน,134
2026-07-15,26,ไวยากรณ์ ภาษา ญี่ปุ่น ทั้งหมด,124
2026-07-15,27,ไวยากรณ์ ภาษา ญี่ปุ่น เรียก ว่า,122
2026-07-15,28,สนทนา ภาษา ญี่ปุ่น,114
2026-07-15,29,ข้อสอบ ภาษา ญี่ปุ่น พื้นฐาน,110
2026-07-15,30,เรียนภาษาญี่ปุ่นด้วยตัวเอง,107
2026-07-15,31,ไวยากรณ์ ภาษา ญี่ปุ่น pdf,103
2026-07-15,32,ภาษาญี่ปุ่นเบื้องต้น พยัญชนะ,99
2026-07-15,33,ภาษา ญี่ปุ่น เบื้องต้น n5,96
2026-07-15,34,ข้อสอบภาษาญี่ปุ่น,93
2026-07-15,35,คอร์ส เรียน ภาษา ญี่ปุ่น พื้นฐาน,91
2026-07-15,36,สอนภาษาญี่ปุ่นง่ายๆ,89
2026-07-15,37,สนทนาภาษาญี่ปุ่นเบื้องต้น,88
2026-07-15,38,สอนภาษาญี่ปุ่นฟรี,86
2026-07-15,39,คําศัพท์ภาษาญี่ปุ่น n4,83
2026-07-15,40,สนทนา ภาษา ญี่ปุ่น พื้นฐาน,81
2026-07-15,41,สอบ jlpt ผ่าน,81
2026-07-15,42,ข้อสอบ ภาษา ญี่ปุ่น ง่ายๆ,79
2026-07-15,43,สอนภาษาญี่ปุ่นพื้นฐาน,77
2026-07-15,44,ไวยากรณ์ภาษาญี่ปุ่น n5,76
2026-07-15,45,ข้อสอบ ภาษา ญี่ปุ่น เบื้องต้น,76
2026-07-15,46,ภาษา ญี่ปุ่น เบื้องต้น ฟรี,76
2026-07-15,47,ไวยากรณ์ภาษาญี่ปุ่นเบื้องต้น,75
2026-07-15,48,คําศัพท์ภาษาญี่ปุ่น n3,75
2026-07-15,49,คอร์ส ภาษา ญี่ปุ่น เบื้องต้น,74
2026-07-15,50,คอร์ส เรียน ภาษา ญี่ปุ่น พูด,71
2026-07-15,51,เรียน ภาษา ญี่ปุ่น ด้วย ตัว เอง pantip,70
2026-07-15,52,คอร์ส เรียน ภาษา ญี่ปุ่น รีวิว,70
2026-07-15,53,สอบ jlpt pantip,70
2026-07-15,54,เรียน ภาษา ญี่ปุ่น ด้วย ตัว เอง ฟรี,68
2026-07-15,55,คอร์ส ออนไลน์ สนทนา ภาษา ญี่ปุ่น พูด ได้ ใช้ คล่อง,67
2026-07-15,56,คอร์ส ภาษา ญี่ปุ่น ธุรกิจ,67
2026-07-15,57,ไวยากรณ์ ภาษา ญี่ปุ่น เบื้องต้น,65
2026-07-15,58,ไวยากรณ์ภาษาญี่ปุ่น n2,58
2026-07-15,59,ไวยากรณ์ภาษาญี่ปุ่น n3,56
2026-07-15,60,สอบ jlpt ยาก ไหม,54
2026-07-15,61,สอบ jlpt ยัง ไง,54
2026-07-15,62,คําศัพท์ภาษาญี่ปุ่น n2,51
2026-07-15,63,ภาษาญี่ปุ่นเบื้องต้น บทที่ 1,51
2026-07-15,64,ภาษา ญี่ปุ่น เบื้องต้น หนังสือ,51
2026-07-15,65,สอบ jlpt ไม่ ผ่าน,50
2026-07-15,66,เรียนภาษาญี่ปุ่น เด็ก,49
2026-07-15,67,สอบ jlpt n5,48
2026-07-15,68,สอบ jlpt ออนไลน์,48
2026-07-15,69,เรียน ภาษา ญี่ปุ่น by click japanese,47
2026-07-15,70,ข้อสอบ ภาษา ญี่ปุ่น พร้อม เฉลย,47
2026-07-15,71,สอบ jlpt n1,46
2026-07-15,72,ข้อสอบ ภาษา ญี่ปุ่น a level,46
2026-07-15,73,คอร์ส เรียน ภาษา ญี่ปุ่น ราคา,45
2026-07-15,74,เรียน ภาษา ญี่ปุ่น future skill,44
2026-07-15,75,คอร์ส เรียน ภาษา ญี่ปุ่น pantip,44
2026-07-15,76,ไวยากรณ์ ภาษา ญี่ปุ่น เบื้องต้น ฉบับ สมบูรณ์ pdf,44
2026-07-15,77,สอบ jlpt ครั้ง ที่ 1,43
2026-07-15,78,คอร์ส ภาษา ญี่ปุ่น มหิดล,42
2026-07-15,79,ภาษา ญี่ปุ่น เบื้องต้น สวัสดี,42
2026-07-15,80,เรียน ภาษา ญี่ปุ่น ด้วย ตัว เอง n1,42
2026-07-15,81,คอร์ส ภาษา ญี่ปุ่น ออนไลน์ ฟรี,41
2026-07-15,82,สอบ jlpt คือ,41
2026-07-15,83,คอร์ส เรียน ภาษา ญี่ปุ่น a level,40
2026-07-15,84,เรียน ภาษา ญี่ปุ่น i love japan,40
2026-07-15,85,สอนภาษาญี่ปุ่น n4,40
2026-07-15,86,สนทนา ภาษา ญี่ปุ่น ใน ชีวิต ประ จํา วัน,40
2026-07-15,87,เรียน ภาษา ญี่ปุ่น by click japanese รีวิว,39
2026-07-15,88,เรียน ภาษา ญี่ปุ่น by eri,39
2026-07-15,89,สอนภาษาญี่ปุ่น สนทนา,39
2026-07-15,90,สอบ jlpt ระดับ,39
2026-07-15,91,ข้อสอบ ภาษา ญี่ปุ่น แปล ว่า,39
2026-07-15,92,เรียนภาษาญี่ปุ่น ออนไลน์,38
2026-07-15,93,โรงเรียน สอน ภาษา ญี่ปุ่น ichiban japanese language center,38
2026-07-15,94,สอบ jlpt ที่ไหน,38
2026-07-15,95,สอบ jlpt n2,38
2026-07-15,96,ข้อสอบ ภาษา ญี่ปุ่น เขียน ยัง ไง,38
2026-07-15,97,ไวยากรณ์ ภาษา ญี่ปุ่น ชั้น ต้น,37
2026-07-15,98,เรียน ญี่ปุ่น ที่ไหน,37
2026-07-15,99,สอบ jlpt ครั้ง แรก,37
2026-07-15,100,เรียน ภาษา ญี่ปุ่น a level,36
2026-07-16,1,สนทนาภาษาญี่ปุ่นพื้นฐาน,284
2026-07-16,2,คําศัพท์ภาษาญี่ปุ่น nc,281
2026-07-16,3,ข้อสอบภาษาญี่ปุ่น n4,281
2026-07-16,4,สนทนาภาษาญี่ปุ่น เบื้องต้น,267
2026-07-16,5,ข้อสอบ ภาษา ญี่ปุ่น คือ,241
2026-07-16,6,ข้อสอบภาษาญี่ปุ่น n5,235
2026-07-16,7,ไวยากรณ์ภาษาญี่ปุ่น n1,234
2026-07-16,8,ข้อสอบ ภาษา ญี่ปุ่น pdf,203
2026-07-16,9,ไวยากรณ์ ภาษา ญี่ปุ่น pantip,197
2026-07-16,10,คําศัพท์ภาษาญี่ปุ่น n5,191
2026-07-16,11,คําศัพท์ภาษาญี่ปุ่นง่ายๆ,182
2026-07-16,12,ภาษา ญี่ปุ่น เบื้องต้น สนทนา,180
2026-07-16,13,เรียน ภาษา ญี่ปุ่น ด้วย ตัว เอง รีวิว,179
2026-07-16,14,สนทนาภาษาญี่ปุ่น n4,166
2026-07-16,15,คอร์ส ภาษา ญี่ปุ่น ราคา,163
2026-07-16,16,คําศัพท์ภาษาญี่ปุ่นเบื้องต้น,162
2026-07-16,17,คอร์ส ภาษา ญี่ปุ่น พื้นฐาน,162
2026-07-16,18,ภาษาญี่ปุ่น เบื้องต้น,156
2026-07-16,19,คําศัพท์ภาษาญี่ปุ่น n1,154
2026-07-16,20,ภาษา ญี่ปุ่น เบื้องต้น pdf,151
2026-07-16,21,ไวยากรณ์ภาษาญี่ปุ่น n4,150
2026-07-16,22,คอร์ส ภาษา ญี่ปุ่น ฟรี,136
2026-07-16,23,คอร์ส ภาษา ญี่ปุ่น ออนไลน์,136
2026-07-16,24,ไวยากรณ์ ภาษา ญี่ปุ่น พื้นฐาน,129
2026-07-16,25,ไวยากรณ์ ภาษา ญี่ปุ่น คือ,127
2026-07-16,26,ไวยากรณ์ ภาษา ญี่ปุ่น ทั้งหมด,125
2026-07-16,27,สนทนา ภาษา ญี่ปุ่น,114
2026-07-16,28,ไวยากรณ์ ภาษา ญี่ปุ่น เรียก ว่า,108
2026-07-16,29,ข้อสอบ ภาษา ญี่ปุ่น พื้นฐาน,104
2026-07-16,30,เรียนภาษาญี่ปุ่นด้วยตัวเอง,102
2026-07-16,31,ไวยากรณ์ ภาษา ญี่ปุ่น pdf,97
2026-07-16,32,ภาษา ญี่ปุ่น เบื้องต้น n5,96
2026-07-16,33,ข้อสอบภาษาญี่ปุ่น,92
2026-07-16,34,คอร์ส เรียน ภาษา ญี่ปุ่น พื้นฐาน,91
2026-07-16,35,ภาษาญี่ปุ่นเบื้องต้น พยัญชนะ,91
2026-07-16,36,สนทนาภาษาญี่ปุ่นเบื้องต้น,88
2026-07-16,37,คําศัพท์ภาษาญี่ปุ่น n4,83
2026-07-16,38,สนทนา ภาษา ญี่ปุ่น พื้นฐาน,81
2026-07-16,39,สอนภาษาญี่ปุ่นง่ายๆ,80
2026-07-16,40,สอบ jlpt ผ่าน,80
2026-07-16,41,สอนภาษาญี่ปุ่นฟรี,78
2026-07-16,42,ข้อสอบ ภาษา ญี่ปุ่น เบื้องต้น,76
2026-07-16,43,ภาษา ญี่ปุ่น เบื้องต้น ฟรี,76
2026-07-16,44,ไวยากรณ์ภาษาญี่ปุ่นเบื้องต้น,75
2026-07-16,45,คําศัพท์ภาษาญี่ปุ่น n3,75
2026-07-16,46,คอร์ส ภาษา ญี่ปุ่น เบื้องต้น,74
2026-07-16,47,ไวยากรณ์ ภาษา ญี่ปุ่น เบื้องต้น,73
2026-07-16,48,ข้อสอบ ภาษา ญี่ปุ่น ง่ายๆ,71
2026-07-16,49,คอร์ส เรียน ภาษา ญี่ปุ่น พูด,70
2026-07-16,50,คอร์ส เรียน ภาษา ญี่ปุ่น รีวิว,69
2026-07-16,51,สอบ jlpt pantip,69
2026-07-16,52,เรียน ภาษา ญี่ปุ่น ด้วย ตัว เอง ฟรี,68
2026-07-16,53,ไวยากรณ์ภาษาญี่ปุ่น n5,68
2026-07-16,54,คอร์ส ภาษา ญี่ปุ่น ธุรกิจ,67
2026-07-16,55,คอร์ส ออนไลน์ สนทนา ภาษา ญี่ปุ่น พูด ได้ ใช้ คล่อง,66
2026-07-16,56,สอนภาษาญี่ปุ่นพื้นฐาน,65
2026-07-16,57,เรียน ภาษา ญี่ปุ่น ด้วย ตัว เอง pantip,63
2026-07-16,58,ไวยากรณ์ภาษาญี่ปุ่น n2,58
2026-07-16,59,ไวยากรณ์ภาษาญี่ปุ่น n3,56
2026-07-16,60,สอบ jlpt n5,54
2026-07-16,61,สอบ jlpt ยาก ไหม,54
2026-07-16,62,สอบ jlpt ยัง ไง,54
2026-07-16,63,คําศัพท์ภาษาญี่ปุ่น n2,51
2026-07-16,64,ภาษา ญี่ปุ่น เบื้องต้น หนังสือ,51
2026-07-16,65,สอบ jlpt ไม่ ผ่าน,50
2026-07-16,66,เรียนภาษาญี่ปุ่น เด็ก,49
2026-07-16,67,สอบ jlpt ออนไลน์,48
2026-07-16,68,เรียน ภาษา ญี่ปุ่น by click japanese,47
2026-07-16,69,ข้อสอบ ภาษา ญี่ปุ่น พร้อม เฉลย,47
2026-07-16,70,ข้อสอบ ภาษา ญี่ปุ่น a level,46
2026-07-16,71,คอร์ส เรียน ภาษา ญี่ปุ่น ราคา,45
2026-07-16,72,สอบ jlpt ที่ไหน,45
2026-07-16,73,สอบ jlpt n1,45
2026-07-16,74,เรียน ภาษา ญี่ปุ่น future skill,44
2026-07-16,75,คอร์ส เรียน ภาษา ญี่ปุ่น pantip,44
2026-07-16,76,ไวยากรณ์ ภาษา ญี่ปุ่น เบื้องต้น ฉบับ สมบูรณ์ pdf,44
2026-07-16,77,ภาษาญี่ปุ่นเบื้องต้น บทที่ 1,43
2026-07-16,78,สอบ jlpt ครั้ง ที่ 1,43
2026-07-16,79,คอร์ส ภาษา ญี่ปุ่น มหิดล,42
2026-07-16,80,ภาษา ญี่ปุ่น เบื้องต้น สวัสดี,42
2026-07-16,81,คอร์ส ภาษา ญี่ปุ่น ออนไลน์ ฟรี,41
2026-07-16,82,คอร์ส เรียน ภาษา ญี่ปุ่น a level,40
2026-07-16,83,เรียน ภาษา ญี่ปุ่น i love japan,40
2026-07-16,84,สอนภาษาญี่ปุ่น n4,40
2026-07-16,85,สนทนา ภาษา ญี่ปุ่น ใน ชีวิต ประ จํา วัน,40
2026-07-16,86,เรียน ภาษา ญี่ปุ่น by click japanese รีวิว,39
2026-07-16,87,เรียน ภาษา ญี่ปุ่น by eri,39
2026-07-16,88,สอนภาษาญี่ปุ่น สนทนา,39
2026-07-16,89,สอบ jlpt ระดับ,39
2026-07-16,90,ข้อสอบ ภาษา ญี่ปุ่น แปล ว่า,39
2026-07-16,91,เรียนภาษาญี่ปุ่น ออนไลน์,38
2026-07-16,92,โรงเรียน สอน ภาษา ญี่ปุ่น ichiban japanese language center,38
2026-07-16,93,ข้อสอบ ภาษา ญี่ปุ่น เขียน ยัง ไง,38
2026-07-16,94,ไวยากรณ์ ภาษา ญี่ปุ่น ชั้น ต้น,37
2026-07-16,95,เรียน ญี่ปุ่น ที่ไหน,37
2026-07-16,96,สอบ jlpt คือ,37
2026-07-16,97,สอบ jlpt ครั้ง แรก,37
2026-07-16,98,สอบ jlpt n2,37
2026-07-16,99,เรียน ภาษา ญี่ปุ่น a level,36
2026-07-16,100,เรียน ภาษา ญี่ปุ่น japan foundation,36
2026-07-17,1,คําศัพท์ภาษาญี่ปุ่น nc,291
2026-07-17,2,สนทนาภาษาญี่ปุ่นพื้นฐาน,284
2026-07-17,3,สนทนาภาษาญี่ปุ่น เบื้องต้น,259
2026-07-17,4,ข้อสอบภาษาญี่ปุ่น n4,254
2026-07-17,5,ไวยากรณ์ภาษาญี่ปุ่น n1,241
2026-07-17,6,ข้อสอบ ภาษา ญี่ปุ่น คือ,221
2026-07-17,7,ข้อสอบภาษาญี่ปุ่น n5,218
2026-07-17,8,ไวยากรณ์ ภาษา ญี่ปุ่น pantip,196
2026-07-17,9,คําศัพท์ภาษาญี่ปุ่น n5,191
2026-07-17,10,คําศัพท์ภาษาญี่ปุ่นง่ายๆ,185
2026-07-17,11,ภาษา ญี่ปุ่น เบื้องต้น สนทนา,180
2026-07-17,12,ข้อสอบ ภาษา ญี่ปุ่น pdf,173
2026-07-17,13,เรียน ภาษา ญี่ปุ่น ด้วย ตัว เอง รีวิว,170
2026-07-17,14,คําศัพท์ภาษาญี่ปุ่นเบื้องต้น,163
2026-07-17,15,คอร์ส ภาษา ญี่ปุ่น ราคา,163
2026-07-17,16,คอร์ส ภาษา ญี่ปุ่น พื้นฐาน,162
2026-07-17,17,สนทนาภาษาญี่ปุ่น n4,160
2026-07-17,18,คําศัพท์ภาษาญี่ปุ่น n1,154
2026-07-17,19,ภาษาญี่ปุ่น เบื้องต้น,151
2026-07-17,20,ไวยากรณ์ภาษาญี่ปุ่น n4,150
2026-07-17,21,ภาษา ญี่ปุ่น เบื้องต้น pdf,137
2026-07-17,22,ไวยากรณ์ ภาษา ญี่ปุ่น คือ,137
2026-07-17,23,คอร์ส ภาษา ญี่ปุ่น ฟรี,130
2026-07-17,24,คอร์ส ภาษา ญี่ปุ่น ออนไลน์,129
2026-07-17,25,ไวยากรณ์ ภาษา ญี่ปุ่น พื้นฐาน,126
2026-07-17,26,ไวยากรณ์ ภาษา ญี่ปุ่น ทั้งหมด,124
2026-07-17,27,ไวยากรณ์ ภาษา ญี่ปุ่น เรียก ว่า,122
2026-07-17,28,สนทนา ภาษา ญี่ปุ่น,114
2026-07-17,29,ข้อสอบ ภาษา ญี่ปุ่น พื้นฐาน,105
2026-07-17,30,ไวยากรณ์ ภาษา ญี่ปุ่น pdf,103
2026-07-17,31,ภาษาญี่ปุ่นเบื้องต้น พยัญชนะ,92
2026-07-17,32,เรียนภาษาญี่ปุ่นด้วยตัวเอง,91
2026-07-17,33,คอร์ส เรียน ภาษา ญี่ปุ่น พื้นฐาน,91
2026-07-17,34,สอนภาษาญี่ปุ่นง่ายๆ,89
2026-07-17,35,สนทนาภาษาญี่ปุ่นเบื้องต้น,88
2026-07-17,36,สอนภาษาญี่ปุ่นฟรี,86
2026-07-17,37,คําศัพท์ภาษาญี่ปุ่น n4,83
2026-07-17,38,สอบ jlpt ผ่าน,81
2026-07-17,39,ภาษา ญี่ปุ่น เบื้องต้น n5,78
2026-07-17,40,สอนภาษาญี่ปุ่นพื้นฐาน,77
2026-07-17,41,ข้อสอบภาษาญี่ปุ่น,77
2026-07-17,42,ไวยากรณ์ภาษาญี่ปุ่น n5,76
2026-07-17,43,ไวยากรณ์ภาษาญี่ปุ่นเบื้องต้น,75
2026-07-17,44,คําศัพท์ภาษาญี่ปุ่น n3,75
2026-07-17,45,สนทนา ภาษา ญี่ปุ่น พื้นฐาน,74
2026-07-17,46,ข้อสอบ ภาษา ญี่ปุ่น ง่ายๆ,72
2026-07-17,47,สอบ jlpt pantip,71
2026-07-17,48,คอร์ส เรียน ภาษา ญี่ปุ่น พูด,70
2026-07-17,49,ภาษา ญี่ปุ่น เบื้องต้น ฟรี,70
2026-07-17,50,คอร์ส ภาษา ญี่ปุ่น เบื้องต้น,69
2026-07-17,51,คอร์ส เรียน ภาษา ญี่ปุ่น รีวิว,69
2026-07-17,52,เรียน ภาษา ญี่ปุ่น ด้วย ตัว เอง ฟรี,68
2026-07-17,53,คอร์ส ภาษา ญี่ปุ่น ธุรกิจ,67
2026-07-17,54,คอร์ส ออนไลน์ สนทนา ภาษา ญี่ปุ่น พูด ได้ ใช้ คล่อง,66
2026-07-17,55,ไวยากรณ์ ภาษา ญี่ปุ่น เบื้องต้น,65
2026-07-17,56,ข้อสอบ ภาษา ญี่ปุ่น เบื้องต้น,65
2026-07-17,57,เรียน ภาษา ญี่ปุ่น ด้วย ตัว เอง pantip,63
2026-07-17,58,สอบ jlpt n5,54
2026-07-17,59,สอบ jlpt ยาก ไหม,54
2026-07-17,60,สอบ jlpt ยัง ไง,54
2026-07-17,61,ไวยากรณ์ภาษาญี่ปุ่น n2,52
2026-07-17,62,คําศัพท์ภาษาญี่ปุ่น n2,51
2026-07-17,63,ภาษา ญี่ปุ่น เบื้องต้น หนังสือ,51
2026-07-17,64,สอบ jlpt ไม่ ผ่าน,50
2026-07-17,65,เรียนภาษาญี่ปุ่น เด็ก,49
2026-07-17,66,ไวยากรณ์ภาษาญี่ปุ่น n3,49
2026-07-17,67,สอบ jlpt ออนไลน์,48
2026-07-17,68,เรียน ภาษา ญี่ปุ่น by click japanese,47
2026-07-17,69,ภาษาญี่ปุ่นเบื้องต้น บทที่ 1,47
2026-07-17,70,ข้อสอบ ภาษา ญี่ปุ่น พร้อม เฉลย,47
2026-07-17,71,คอร์ส เรียน ภาษา ญี่ปุ่น ราคา,45
2026-07-17,72,สอบ jlpt n1,45
2026-07-17,73,เรียน ภาษา ญี่ปุ่น future skill,44
2026-07-17,74,คอร์ส เรียน ภาษา ญี่ปุ่น pantip,44
2026-07-17,75,ไวยากรณ์ ภาษา ญี่ปุ่น เบื้องต้น ฉบับ สมบูรณ์ pdf,44
2026-07-17,76,สอบ jlpt ครั้ง ที่ 1,43
2026-07-17,77,คอร์ส ภาษา ญี่ปุ่น มหิดล,42
2026-07-17,78,ภาษา ญี่ปุ่น เบื้องต้น สวัสดี,42
2026-07-17,79,คอร์ส ภาษา ญี่ปุ่น ออนไลน์ ฟรี,41
2026-07-17,80,คอร์ส เรียน ภาษา ญี่ปุ่น a level,40
2026-07-17,81,เรียน ภาษา ญี่ปุ่น i love japan,40
2026-07-17,82,สอนภาษาญี่ปุ่น n4,40
2026-07-17,83,สนทนา ภาษา ญี่ปุ่น ใน ชีวิต ประ จํา วัน,40
2026-07-17,84,เรียน ภาษา ญี่ปุ่น by click japanese รีวิว,39
2026-07-17,85,เรียน ภาษา ญี่ปุ่น by eri,39
2026-07-17,86,สอนภาษาญี่ปุ่น สนทนา,39
2026-07-17,87,สอบ jlpt ระดับ,39
2026-07-17,88,ข้อสอบ ภาษา ญี่ปุ่น แปล ว่า,39
2026-07-17,89,เรียนภาษาญี่ปุ่น ออนไลน์,38
2026-07-17,90,โรงเรียน สอน ภาษา ญี่ปุ่น ichiban japanese language center,38
2026-07-17,91,สอบ jlpt n2,38
2026-07-17,92,ข้อสอบ ภาษา ญี่ปุ่น เขียน ยัง ไง,38
2026-07-17,93,ไวยากรณ์ ภาษา ญี่ปุ่น ชั้น ต้น,37
2026-07-17,94,เรียน ญี่ปุ่น ที่ไหน,37
2026-07-17,95,สอบ jlpt คือ,37
2026-07-17,96,สอบ jlpt ครั้ง แรก,37
2026-07-17,97,เรียน ภาษา ญี่ปุ่น a level,36
2026-07-17,98,เรียน ภาษา ญี่ปุ่น japan foundation,36
2026-07-17,99,คอร์ส ภาษา ญี่ปุ่น n4,36
2026-07-17,100,สอบ jlpt ที่ไหน,35
2026-07-18,1,ข้อสอบภาษาญี่ปุ่น n4,290
2026-07-18,2,คําศัพท์ภาษาญี่ปุ่น nc,287
2026-07-18,3,สนทนาภาษาญี่ปุ่นพื้นฐาน,274
2026-07-18,4,สนทนาภาษาญี่ปุ่น เบื้องต้น,258
2026-07-18,5,ไวยากรณ์ภาษาญี่ปุ่น n1,251
2026-07-18,6,ข้อสอบ ภาษา ญี่ปุ่น คือ,248
2026-07-18,7,ข้อสอบภาษาญี่ปุ่น n5,245
2026-07-18,8,ข้อสอบ ภาษา ญี่ปุ่น pdf,203
2026-07-18,9,ไวยากรณ์ ภาษา ญี่ปุ่น pantip,196
2026-07-18,10,คําศัพท์ภาษาญี่ปุ่น n5,189
2026-07-18,11,เรียน ภาษา ญี่ปุ่น ด้วย ตัว เอง รีวิว,189
2026-07-18,12,คําศัพท์ภาษาญี่ปุ่นง่ายๆ,188
2026-07-18,13,ภาษา ญี่ปุ่น เบื้องต้น สนทนา,187
2026-07-18,14,คําศัพท์ภาษาญี่ปุ่นเบื้องต้น,168
2026-07-18,15,ภาษาญี่ปุ่น เบื้องต้น,166
2026-07-18,16,คอร์ส ภาษา ญี่ปุ่น ราคา,162
2026-07-18,17,คอร์ส ภาษา ญี่ปุ่น พื้นฐาน,161
2026-07-18,18,ไวยากรณ์ภาษาญี่ปุ่น n4,159
2026-07-18,19,สนทนาภาษาญี่ปุ่น n4,158
2026-07-18,20,ภาษา ญี่ปุ่น เบื้องต้น pdf,157
2026-07-18,21,คําศัพท์ภาษาญี่ปุ่น n1,151
2026-07-18,22,ไวยากรณ์ ภาษา ญี่ปุ่น คือ,138
2026-07-18,23,คอร์ส ภาษา ญี่ปุ่น ฟรี,136
2026-07-18,24,คอร์ส ภาษา ญี่ปุ่น ออนไลน์,136
2026-07-18,25,ไวยากรณ์ ภาษา ญี่ปุ่น พื้นฐาน,134
2026-07-18,26,ไวยากรณ์ ภาษา ญี่ปุ่น ทั้งหมด,125
2026-07-18,27,ไวยากรณ์ ภาษา ญี่ปุ่น เรียก ว่า,122
2026-07-18,28,คําศัพท์ภาษาญี่ปุ่นพื้นฐาน,117
2026-07-18,29,สนทนา ภาษา ญี่ปุ่น,114
2026-07-18,30,ข้อสอบ ภาษา ญี่ปุ่น พื้นฐาน,110
2026-07-18,31,เรียนภาษาญี่ปุ่นด้วยตัวเอง,107
2026-07-18,32,ไวยากรณ์ ภาษา ญี่ปุ่น pdf,103
2026-07-18,33,ภาษาญี่ปุ่นเบื้องต้น พยัญชนะ,100
2026-07-18,34,ภาษา ญี่ปุ่น เบื้องต้น n5,96
2026-07-18,35,ข้อสอบภาษาญี่ปุ่น,92
2026-07-18,36,สอนภาษาญี่ปุ่นง่ายๆ,91
2026-07-18,37,คอร์ส เรียน ภาษา ญี่ปุ่น พื้นฐาน,91
2026-07-18,38,สอนภาษาญี่ปุ่นฟรี,88
2026-07-18,39,สนทนาภาษาญี่ปุ่นเบื้องต้น,88
2026-07-18,40,คําศัพท์ภาษาญี่ปุ่น n4,81
2026-07-18,41,สนทนา ภาษา ญี่ปุ่น พื้นฐาน,81
2026-07-18,42,สอบ jlpt ผ่าน,81
2026-07-18,43,ข้อสอบ ภาษา ญี่ปุ่น ง่ายๆ,79
2026-07-18,44,สอนภาษาญี่ปุ่นพื้นฐาน,77
2026-07-18,45,ไวยากรณ์ภาษาญี่ปุ่น n5,76
2026-07-18,46,ข้อสอบ ภาษา ญี่ปุ่น เบื้องต้น,76
2026-07-18,47,ภาษา ญี่ปุ่น เบื้องต้น ฟรี,76
2026-07-18,48,ไวยากรณ์ภาษาญี่ปุ่นเบื้องต้น,75
2026-07-18,49,คําศัพท์ภาษาญี่ปุ่น n3,74
2026-07-18,50,คอร์ส ภาษา ญี่ปุ่น เบื้องต้น,74
2026-07-18,51,เรียน ภาษา ญี่ปุ่น ด้วย ตัว เอง pantip,70
2026-07-18,52,คอร์ส เรียน ภาษา ญี่ปุ่น พูด,70
2026-07-18,53,สอบ jlpt pantip,70
2026-07-18,54,คอร์ส เรียน ภาษา ญี่ปุ่น รีวิว,69
2026-07-18,55,เรียน ภาษา ญี่ปุ่น ด้วย ตัว เอง ฟรี,68
2026-07-18,56,คอร์ส ออนไลน์ สนทนา ภาษา ญี่ปุ่น พูด ได้ ใช้ คล่อง,66
2026-07-18,57,คอร์ส ภาษา ญี่ปุ่น ธุรกิจ,66
2026-07-18,58,ไวยากรณ์ ภาษา ญี่ปุ่น เบื้องต้น,65
2026-07-18,59,ไวยากรณ์ภาษาญี่ปุ่น n2,58
2026-07-18,60,ไวยากรณ์ภาษาญี่ปุ่น n3,56
2026-07-18,61,สอบ jlpt n5,55
2026-07-18,62,สอบ jlpt ยาก ไหม,54
2026-07-18,63,สอบ jlpt ยัง ไง,54
2026-07-18,64,ภาษาญี่ปุ่นเบื้องต้น บทที่ 1,51
2026-07-18,65,ภาษา ญี่ปุ่น เบื้องต้น หนังสือ,51
2026-07-18,66,คําศัพท์ภาษาญี่ปุ่น n2,50
2026-07-18,67,สอบ jlpt ไม่ ผ่าน,50
2026-07-18,68,เรียนภาษาญี่ปุ่น เด็ก,49
2026-07-18,69,สอบ jlpt ออนไลน์,48
2026-07-18,70,เรียน ภาษา ญี่ปุ่น by click japanese,47
2026-07-18,71,ข้อสอบ ภาษา ญี่ปุ่น พร้อม เฉลย,47
2026-07-18,72,สอบ jlpt ที่ไหน,46
2026-07-18,73,ข้อสอบ ภาษา ญี่ปุ่น a level,46
2026-07-18,74,คอร์ส เรียน ภาษา ญี่ปุ่น ราคา,45
2026-07-18,75,สอบ jlpt n1,45
2026-07-18,76,เรียน ภาษา ญี่ปุ่น future skill,44
2026-07-18,77,คอร์ส เรียน ภาษา ญี่ปุ่น pantip,44
2026-07-18,78,ไวยากรณ์ ภาษา ญี่ปุ่น เบื้องต้น ฉบับ สมบูรณ์ pdf,44
2026-07-18,79,สอบ jlpt ครั้ง ที่ 1,43
2026-07-18,80,คอร์ส ภาษา ญี่ปุ่น มหิดล,42
2026-07-18,81,ภาษา ญี่ปุ่น เบื้องต้น สวัสดี,42
2026-07-18,82,เรียน ภาษา ญี่ปุ่น ด้วย ตัว เอง n1,42
2026-07-18,83,คอร์ส ภาษา ญี่ปุ่น ออนไลน์ ฟรี,41
2026-07-18,84,คอร์ส เรียน ภาษา ญี่ปุ่น a level,40
2026-07-18,85,เรียน ภาษา ญี่ปุ่น i love japan,40
2026-07-18,86,สอนภาษาญี่ปุ่น n4,40
2026-07-18,87,สนทนา ภาษา ญี่ปุ่น ใน ชีวิต ประ จํา วัน,40
2026-07-18,88,เรียน ภาษา ญี่ปุ่น by click japanese รีวิว,39
2026-07-18,89,เรียน ภาษา ญี่ปุ่น by eri,39
2026-07-18,90,สอนภาษาญี่ปุ่น สนทนา,39
2026-07-18,91,สอบ jlpt ระดับ,39
2026-07-18,92,ข้อสอบ ภาษา ญี่ปุ่น แปล ว่า,39
2026-07-18,93,เรียนภาษาญี่ปุ่น ออนไลน์,38
2026-07-18,94,โรงเรียน สอน ภาษา ญี่ปุ่น ichiban japanese language center,38
2026-07-18,95,สอบ jlpt คือ,38
2026-07-18,96,สอบ jlpt n2,38
2026-07-18,97,ข้อสอบ ภาษา ญี่ปุ่น เขียน ยัง ไง,38
2026-07-18,98,ไวยากรณ์ ภาษา ญี่ปุ่น ชั้น ต้น,37
2026-07-18,99,เรียน ญี่ปุ่น ที่ไหน,37
2026-07-18,100,สอบ jlpt ครั้ง แรก,37
2026-07-19,1,ข้อสอบภาษาญี่ปุ่น n4,290
2026-07-19,2,คําศัพท์ภาษาญี่ปุ่น nc,287
2026-07-19,3,สนทนาภาษาญี่ปุ่นพื้นฐาน,284
2026-07-19,4,สนทนาภาษาญี่ปุ่น เบื้องต้น,267
2026-07-19,5,ไวยากรณ์ภาษาญี่ปุ่น n1,251
2026-07-19,6,ข้อสอบ ภาษา ญี่ปุ่น คือ,248
2026-07-19,7,ข้อสอบภาษาญี่ปุ่น n5,245
2026-07-19,8,ข้อสอบ ภาษา ญี่ปุ่น pdf,203
2026-07-19,9,ไวยากรณ์ ภาษา ญี่ปุ่น pantip,196
2026-07-19,10,คําศัพท์ภาษาญี่ปุ่น n5,189
2026-07-19,11,เรียน ภาษา ญี่ปุ่น ด้วย ตัว เอง รีวิว,189
2026-07-19,12,คําศัพท์ภาษาญี่ปุ่นง่ายๆ,188
2026-07-19,13,ภาษา ญี่ปุ่น เบื้องต้น สนทนา,187
2026-07-19,14,คําศัพท์ภาษาญี่ปุ่นเบื้องต้น,168
2026-07-19,15,ภาษาญี่ปุ่น เบื้องต้น,166
2026-07-19,16,สนทนาภาษาญี่ปุ่น n4,166
2026-07-19,17,คอร์ส ภาษา ญี่ปุ่น ราคา,164
2026-07-19,18,คอร์ส ภาษา ญี่ปุ่น พื้นฐาน,162
2026-07-19,19,ไวยากรณ์ภาษาญี่ปุ่น n4,159
2026-07-19,20,ภาษา ญี่ปุ่น เบื้องต้น pdf,157
2026-07-19,21,คําศัพท์ภาษาญี่ปุ่น n1,151
2026-07-19,22,ไวยากรณ์ ภาษา ญี่ปุ่น คือ,137
2026-07-19,23,คอร์ส ภาษา ญี่ปุ่น ฟรี,136
2026-07-19,24,คอร์ส ภาษา ญี่ปุ่น ออนไลน์,136
2026-07-19,25,ไวยากรณ์ ภาษา ญี่ปุ่น พื้นฐาน,134
2026-07-19,26,ไวยากรณ์ ภาษา ญี่ปุ่น ทั้งหมด,124
2026-07-19,27,ไวยากรณ์ ภาษา ญี่ปุ่น เรียก ว่า,122
2026-07-19,28,คําศัพท์ภาษาญี่ปุ่นพื้นฐาน,117
2026-07-19,29,สนทนา ภาษา ญี่ปุ่น,114
2026-07-19,30,ข้อสอบ ภาษา ญี่ปุ่น พื้นฐาน,110
2026-07-19,31,เรียนภาษาญี่ปุ่นด้วยตัวเอง,107
2026-07-19,32,ไวยากรณ์ ภาษา ญี่ปุ่น pdf,103
2026-07-19,33,ภาษาญี่ปุ่นเบื้องต้น พยัญชนะ,100
2026-07-19,34,ภาษา ญี่ปุ่น เบื้องต้น n5,96
2026-07-19,35,ข้อสอบภาษาญี่ปุ่น,92
2026-07-19,36,คอร์ส เรียน ภาษา ญี่ปุ่น พื้นฐาน,91
2026-07-19,37,สอนภาษาญี่ปุ่นง่ายๆ,89
2026-07-19,38,สนทนาภาษาญี่ปุ่นเบื้องต้น,88
2026-07-19,39,สอนภาษาญี่ปุ่นฟรี,86
2026-07-19,40,คําศัพท์ภาษาญี่ปุ่น n4,81
2026-07-19,41,สนทนา ภาษา ญี่ปุ่น พื้นฐาน,81
2026-07-19,42,สอบ jlpt ผ่าน,81
2026-07-19,43,ข้อสอบ ภาษา ญี่ปุ่น ง่ายๆ,79
2026-07-19,44,สอนภาษาญี่ปุ่นพื้นฐาน,77
2026-07-19,45,ไวยากรณ์ภาษาญี่ปุ่น n5,76
2026-07-19,46,ข้อสอบ ภาษา ญี่ปุ่น เบื้องต้น,76
2026-07-19,47,ภาษา ญี่ปุ่น เบื้องต้น ฟรี,76
2026-07-19,48,ไวยากรณ์ภาษาญี่ปุ่นเบื้องต้น,75
2026-07-19,49,คําศัพท์ภาษาญี่ปุ่น n3,74
2026-07-19,50,คอร์ส ภาษา ญี่ปุ่น เบื้องต้น,74
2026-07-19,51,เรียน ภาษา ญี่ปุ่น ด้วย ตัว เอง pantip,70
2026-07-19,52,คอร์ส เรียน ภาษา ญี่ปุ่น พูด,70
2026-07-19,53,สอบ jlpt pantip,70
2026-07-19,54,คอร์ส เรียน ภาษา ญี่ปุ่น รีวิว,69
2026-07-19,55,เรียน ภาษา ญี่ปุ่น ด้วย ตัว เอง ฟรี,68
2026-07-19,56,คอร์ส ภาษา ญี่ปุ่น ธุรกิจ,68
2026-07-19,57,คอร์ส ออนไลน์ สนทนา ภาษา ญี่ปุ่น พูด ได้ ใช้ คล่อง,66
2026-07-19,58,ไวยากรณ์ ภาษา ญี่ปุ่น เบื้องต้น,65
2026-07-19,59,ไวยากรณ์ภาษาญี่ปุ่น n2,58
2026-07-19,60,ไวยากรณ์ภาษาญี่ปุ่น n3,56
2026-07-19,61,สอบ jlpt n5,55
2026-07-19,62,สอบ jlpt ยาก ไหม,54
2026-07-19,63,สอบ jlpt ยัง ไง,54
2026-07-19,64,สอบ jlpt ไม่ ผ่าน,52
2026-07-19,65,ภาษาญี่ปุ่นเบื้องต้น บทที่ 1,51
2026-07-19,66,ภาษา ญี่ปุ่น เบื้องต้น หนังสือ,51
2026-07-19,67,คําศัพท์ภาษาญี่ปุ่น n2,50
2026-07-19,68,เรียนภาษาญี่ปุ่น เด็ก,49
2026-07-19,69,สอบ jlpt ออนไลน์,48
2026-07-19,70,เรียน ภาษา ญี่ปุ่น by click japanese,47
2026-07-19,71,ข้อสอบ ภาษา ญี่ปุ่น พร้อม เฉลย,47
2026-07-19,72,สอบ jlpt ที่ไหน,46
2026-07-19,73,ข้อสอบ ภาษา ญี่ปุ่น a level,46
2026-07-19,74,คอร์ส เรียน ภาษา ญี่ปุ่น ราคา,45
2026-07-19,75,สอบ jlpt n1,45
2026-07-19,76,เรียน ภาษา ญี่ปุ่น future skill,44
2026-07-19,77,คอร์ส เรียน ภาษา ญี่ปุ่น pantip,44
2026-07-19,78,ไวยากรณ์ ภาษา ญี่ปุ่น เบื้องต้น ฉบับ สมบูรณ์ pdf,44
2026-07-19,79,สอบ jlpt ครั้ง ที่ 1,43
2026-07-19,80,คอร์ส ภาษา ญี่ปุ่น มหิดล,42
2026-07-19,81,ภาษา ญี่ปุ่น เบื้องต้น สวัสดี,42
2026-07-19,82,เรียน ภาษา ญี่ปุ่น ด้วย ตัว เอง n1,42
2026-07-19,83,คอร์ส ภาษา ญี่ปุ่น ออนไลน์ ฟรี,41
2026-07-19,84,คอร์ส เรียน ภาษา ญี่ปุ่น a level,40
2026-07-19,85,เรียน ภาษา ญี่ปุ่น i love japan,40
2026-07-19,86,สอนภาษาญี่ปุ่น n4,40
2026-07-19,87,สนทนา ภาษา ญี่ปุ่น ใน ชีวิต ประ จํา วัน,40
2026-07-19,88,เรียน ภาษา ญี่ปุ่น by click japanese รีวิว,39
2026-07-19,89,เรียน ภาษา ญี่ปุ่น by eri,39
2026-07-19,90,สอนภาษาญี่ปุ่น สนทนา,39
2026-07-19,91,สอบ jlpt ระดับ,39
2026-07-19,92,ข้อสอบ ภาษา ญี่ปุ่น แปล ว่า,39
2026-07-19,93,เรียนภาษาญี่ปุ่น ออนไลน์,38
2026-07-19,94,โรงเรียน สอน ภาษา ญี่ปุ่น ichiban japanese language center,38
2026-07-19,95,สอบ jlpt คือ,38
2026-07-19,96,สอบ jlpt n2,38
2026-07-19,97,ข้อสอบ ภาษา ญี่ปุ่น เขียน ยัง ไง,38
2026-07-19,98,ไวยากรณ์ ภาษา ญี่ปุ่น ชั้น ต้น,37
2026-07-19,99,เรียน ญี่ปุ่น ที่ไหน,37
2026-07-19,100,สอบ jlpt ครั้ง แรก,37
